checking_status,duration_months,credit_history,purpose,credit_amount,savings_status,employment_since,installment_rate,personal_status_sex,other_debtors,residence_since,property,age_years,other_installment_plans,housing,existing_credits,job,num_dependents,telephone,foreign_worker,default,sex,principal,interest_if_repaid,loss_if_default,p_default,is_test,expected_value
A11,6,A34,A43,1169,A65,A75,4,A93,A101,4,A121,67,A143,A152,2,A173,1,A192,A201,0,male,1169.0,70.14,701.4,,False,
A12,48,A32,A43,5951,A61,A73,2,A92,A101,2,A121,22,A143,A152,1,A173,1,A191,A201,1,female,5951.0,2856.48,3570.6,0.382335570413096,True,399.1787021093992
A14,12,A34,A46,2096,A61,A74,2,A93,A101,3,A121,49,A143,A152,1,A172,2,A191,A201,0,male,2096.0,251.51999999999998,1257.6,0.07687221152309913,True,135.51060814626064
A11,42,A32,A42,7882,A61,A74,2,A93,A103,4,A122,45,A143,A153,1,A173,2,A191,A201,0,male,7882.0,3310.4399999999996,4729.2,,False,
A11,24,A33,A40,4870,A61,A73,3,A93,A101,4,A124,53,A143,A153,2,A173,2,A191,A201,1,male,4870.0,1168.8,2922.0,,False,
A14,36,A32,A46,9055,A65,A73,2,A93,A101,4,A124,35,A143,A153,1,A172,2,A192,A201,0,male,9055.0,3259.7999999999997,5433.0,,False,
A14,24,A32,A42,2835,A63,A75,3,A93,A101,4,A122,53,A143,A152,1,A173,1,A191,A201,0,male,2835.0,680.4,1701.0,0.11192375545716722,True,413.8647687543019
A12,36,A32,A41,6948,A61,A73,2,A93,A101,2,A123,35,A143,A151,1,A174,1,A192,A201,0,male,6948.0,2501.2799999999997,4168.8,,False,
A14,12,A32,A43,3059,A64,A74,2,A91,A101,4,A121,61,A143,A152,1,A172,1,A191,A201,0,male,3059.0,367.08,1835.3999999999999,,False,
A12,30,A34,A40,5234,A61,A71,4,A94,A101,2,A123,28,A143,A152,2,A174,1,A191,A201,1,male,5234.0,1570.1999999999998,3140.4,,False,
A12,12,A32,A40,1295,A61,A72,3,A92,A101,1,A123,25,A143,A151,1,A173,1,A191,A201,1,female,1295.0,155.4,777.0,,False,
A11,48,A32,A49,4308,A61,A72,3,A92,A101,4,A122,24,A143,A151,1,A173,1,A191,A201,1,female,4308.0,2067.84,2584.7999999999997,0.7624180843626525,True,-1479.416876029051
A12,12,A32,A43,1567,A61,A73,1,A92,A101,1,A123,22,A143,A152,1,A173,1,A192,A201,0,female,1567.0,188.04,940.1999999999999,,False,
A11,24,A34,A40,1199,A61,A75,4,A93,A101,4,A123,60,A143,A152,2,A172,1,A191,A201,1,male,1199.0,287.76,719.4,0.43890388707129724,True,-154.28643890272775
A11,15,A32,A40,1403,A61,A73,2,A92,A101,4,A123,28,A143,A151,1,A173,1,A191,A201,0,female,1403.0,210.45,841.8,,False,
A11,24,A32,A43,1282,A62,A73,4,A92,A101,2,A123,32,A143,A152,1,A172,1,A191,A201,1,female,1282.0,307.68,769.1999999999999,,False,
A14,24,A34,A43,2424,A65,A75,4,A93,A101,4,A122,53,A143,A152,2,A173,1,A191,A201,0,male,2424.0,581.76,1454.3999999999999,,False,
A11,30,A30,A49,8072,A65,A72,2,A93,A101,3,A123,25,A141,A152,3,A173,1,A191,A201,0,male,8072.0,2421.6,4843.2,,False,
A12,24,A32,A41,12579,A61,A75,4,A92,A101,2,A124,44,A143,A153,1,A174,1,A192,A201,1,female,12579.0,3018.96,7547.4,,False,
A14,24,A32,A43,3430,A63,A75,3,A93,A101,2,A123,31,A143,A152,1,A173,2,A192,A201,0,male,3430.0,823.1999999999999,2058.0,,False,
A14,9,A34,A40,2134,A61,A73,4,A93,A101,4,A123,48,A143,A152,3,A173,1,A192,A201,0,male,2134.0,192.06,1280.3999999999999,,False,
A11,6,A32,A43,2647,A63,A73,2,A93,A101,3,A121,44,A143,A151,1,A173,2,A191,A201,0,male,2647.0,158.82,1588.2,0.17354496970992503,True,-144.36653298263323
A11,10,A34,A40,2241,A61,A72,1,A93,A101,3,A121,48,A143,A151,2,A172,2,A191,A202,0,male,2241.0,224.10000000000002,1344.6,0.21373595273836007,True,-111.18758906066543
A12,12,A34,A41,1804,A62,A72,3,A93,A101,4,A122,44,A143,A152,1,A173,1,A191,A201,0,male,1804.0,216.48,1082.3999999999999,,False,
A14,10,A34,A42,2069,A65,A73,2,A94,A101,1,A123,26,A143,A152,2,A173,1,A191,A202,0,male,2069.0,206.9,1241.3999999999999,,False,
A11,6,A32,A42,1374,A61,A73,1,A93,A101,2,A121,36,A141,A152,1,A172,1,A192,A201,0,male,1374.0,82.44,824.4,,False,
A14,6,A30,A43,426,A61,A75,4,A94,A101,4,A123,39,A143,A152,1,A172,1,A191,A201,0,male,426.0,25.56,255.6,,False,
A13,12,A31,A43,409,A64,A73,3,A92,A101,3,A121,42,A143,A151,2,A173,1,A191,A201,0,female,409.0,49.08,245.39999999999998,,False,
A12,7,A32,A43,2415,A61,A73,3,A93,A103,2,A121,34,A143,A152,1,A173,1,A191,A201,0,male,2415.0,169.05,1449.0,0.11853984560461314,True,-22.753397180544283
A11,60,A33,A49,6836,A61,A75,3,A93,A101,4,A124,63,A143,A152,2,A173,1,A192,A201,1,male,6836.0,4101.599999999999,4101.599999999999,,False,
A12,18,A32,A49,1913,A64,A72,3,A94,A101,3,A121,36,A141,A152,1,A173,1,A192,A201,0,male,1913.0,344.34000000000003,1147.8,0.3407684438334051,True,-164.13422578157704
A11,24,A32,A42,4020,A61,A73,2,A93,A101,2,A123,27,A142,A152,1,A173,1,A191,A201,0,male,4020.0,964.8,2412.0,,False,
A12,18,A32,A40,5866,A62,A73,2,A93,A101,2,A123,30,A143,A152,2,A173,1,A192,A201,0,male,5866.0,1055.8799999999999,3519.6,,False,
A14,12,A34,A49,1264,A65,A75,4,A93,A101,4,A124,57,A143,A151,1,A172,1,A191,A201,0,male,1264.0,151.68,758.4,,False,
A13,12,A32,A42,1474,A61,A72,4,A92,A101,1,A122,33,A141,A152,1,A174,1,A192,A201,0,female,1474.0,176.88,884.4,,False,
A12,45,A34,A43,4746,A61,A72,4,A93,A101,2,A122,25,A143,A152,2,A172,1,A191,A201,1,male,4746.0,2135.7,2847.6,,False,
A14,48,A34,A46,6110,A61,A73,1,A93,A101,3,A124,31,A141,A153,1,A173,1,A192,A201,0,male,6110.0,2932.7999999999997,3666.0,,False,
A13,18,A32,A43,2100,A61,A73,4,A93,A102,2,A121,37,A142,A152,1,A173,1,A191,A201,1,male,2100.0,378.0,1260.0,,False,
A13,10,A32,A44,1225,A61,A73,2,A93,A101,2,A123,37,A143,A152,1,A173,1,A192,A201,0,male,1225.0,122.5,735.0,0.20223265424215317,True,-50.91450101264634
A12,9,A32,A43,458,A61,A73,4,A93,A101,3,A121,24,A143,A152,1,A173,1,A191,A201,0,male,458.0,41.22,274.8,,False,
A14,30,A32,A43,2333,A63,A75,4,A93,A101,2,A123,30,A141,A152,1,A174,1,A191,A201,0,male,2333.0,699.9,1399.8,,False,
A12,12,A32,A43,1158,A63,A73,3,A91,A101,1,A123,26,A143,A152,1,A173,1,A192,A201,0,male,1158.0,138.96,694.8,,False,
A12,18,A33,A45,6204,A61,A73,2,A93,A101,4,A121,44,A143,A152,1,A172,2,A192,A201,0,male,6204.0,1116.72,3722.3999999999996,,False,
A11,30,A34,A41,6187,A62,A74,1,A94,A101,4,A123,24,A143,A151,2,A173,1,A191,A201,0,male,6187.0,1856.1,3712.2,0.3060417591612133,True,151.96767246261606
A11,48,A34,A41,6143,A61,A75,4,A92,A101,4,A124,58,A142,A153,2,A172,1,A191,A201,1,female,6143.0,2948.64,3685.7999999999997,,False,
A14,11,A34,A40,1393,A61,A72,4,A92,A101,4,A123,35,A143,A152,2,A174,1,A191,A201,0,female,1393.0,153.23,835.8,,False,
A14,36,A32,A43,2299,A63,A75,4,A93,A101,4,A123,39,A143,A152,1,A173,1,A191,A201,0,male,2299.0,827.64,1379.3999999999999,0.11058824824084232,True,583.5673126025313
A11,6,A32,A41,1352,A63,A71,1,A92,A101,2,A122,23,A143,A151,1,A171,1,A192,A201,0,female,1352.0,81.11999999999999,811.1999999999999,0.22939400069151245,True,-123.57285469705036
A14,11,A34,A40,7228,A61,A73,1,A93,A101,4,A122,39,A143,A152,2,A172,1,A191,A201,0,male,7228.0,795.0799999999999,4336.8,,False,
A14,12,A32,A43,2073,A62,A73,4,A92,A102,2,A121,28,A143,A152,1,A173,1,A191,A201,0,female,2073.0,248.76,1243.8,,False,
A12,24,A33,A42,2333,A65,A72,4,A93,A101,2,A122,29,A141,A152,1,A172,1,A191,A201,0,male,2333.0,559.92,1399.8,,False,
A12,27,A33,A41,5965,A61,A75,1,A93,A101,2,A123,30,A143,A152,2,A174,1,A192,A201,0,male,5965.0,1610.55,3579.0,,False,
A14,12,A32,A43,1262,A61,A73,3,A93,A101,2,A123,25,A143,A152,1,A173,1,A191,A201,0,male,1262.0,151.44,757.1999999999999,0.08986498708189017,True,69.78507813791131
A14,18,A32,A41,3378,A65,A73,2,A93,A101,1,A122,31,A143,A152,1,A173,1,A192,A201,0,male,3378.0,608.04,2026.8,,False,
A12,36,A33,A40,2225,A61,A75,4,A93,A101,4,A124,57,A141,A153,2,A173,1,A192,A201,1,male,2225.0,801.0,1335.0,,False,
A14,6,A31,A40,783,A65,A73,1,A93,A103,2,A121,26,A142,A152,1,A172,2,A191,A201,0,male,783.0,46.98,469.79999999999995,,False,
A12,12,A32,A43,6468,A65,A71,2,A93,A101,1,A124,52,A143,A152,1,A174,1,A192,A201,1,male,6468.0,776.16,3880.7999999999997,,False,
A14,36,A34,A43,9566,A61,A73,2,A92,A101,2,A123,31,A142,A152,2,A173,1,A191,A201,0,female,9566.0,3443.7599999999993,5739.599999999999,,False,
A13,18,A32,A40,1961,A61,A75,3,A92,A101,2,A123,23,A143,A152,1,A174,1,A191,A201,0,female,1961.0,352.98,1176.6,,False,
A11,36,A34,A42,6229,A61,A72,4,A92,A102,4,A124,23,A143,A151,2,A172,1,A192,A201,1,female,6229.0,2242.44,3737.3999999999996,,False,
A12,9,A32,A49,1391,A61,A73,2,A94,A101,1,A121,27,A141,A152,1,A173,1,A192,A201,0,male,1391.0,125.19,834.6,,False,
A12,15,A34,A43,1537,A65,A75,4,A93,A103,4,A121,50,A143,A152,2,A173,1,A192,A201,0,male,1537.0,230.55,922.1999999999999,,False,
A12,36,A30,A49,1953,A61,A75,4,A93,A101,4,A124,61,A143,A153,1,A174,1,A192,A201,1,male,1953.0,703.0799999999999,1171.8,,False,
A12,48,A30,A49,14421,A61,A73,2,A93,A101,2,A123,25,A143,A152,1,A173,1,A192,A201,1,male,14421.0,6922.08,8652.6,,False,
A14,24,A32,A43,3181,A61,A72,4,A92,A101,4,A122,26,A143,A152,1,A173,1,A192,A201,0,female,3181.0,763.4399999999999,1908.6,0.20006995775392503,True,228.84507008320213
A14,27,A32,A45,5190,A65,A75,4,A93,A101,4,A122,48,A143,A152,4,A173,2,A192,A201,0,male,5190.0,1401.3,3114.0,,False,
A14,12,A32,A43,2171,A61,A72,2,A92,A101,2,A123,29,A141,A152,1,A173,1,A191,A201,0,female,2171.0,260.52,1302.6,,False,
A12,12,A32,A40,1007,A64,A73,4,A94,A101,1,A121,22,A143,A152,1,A173,1,A191,A201,0,male,1007.0,120.83999999999999,604.1999999999999,,False,
A14,36,A32,A46,1819,A61,A73,4,A93,A101,4,A124,37,A142,A153,1,A173,1,A192,A201,1,male,1819.0,654.84,1091.3999999999999,,False,
A14,36,A32,A43,2394,A65,A73,4,A92,A101,4,A123,25,A143,A152,1,A173,1,A191,A201,0,female,2394.0,861.8399999999999,1436.3999999999999,,False,
A14,36,A32,A41,8133,A61,A73,1,A92,A101,2,A122,30,A141,A152,1,A173,1,A191,A201,0,female,8133.0,2927.8799999999997,4879.8,0.38427344031005306,True,-72.4040544399952
A14,7,A34,A43,730,A65,A75,4,A93,A101,2,A122,46,A143,A151,2,A172,1,A192,A201,0,male,730.0,51.1,438.0,,False,
A11,8,A34,A410,1164,A61,A75,3,A93,A101,4,A124,51,A141,A153,2,A174,2,A192,A201,0,male,1164.0,93.12,698.4,,False,
A12,42,A34,A49,5954,A61,A74,2,A92,A101,1,A121,41,A141,A152,2,A172,1,A191,A201,0,female,5954.0,2500.6800000000003,3572.4,,False,
A11,36,A32,A46,1977,A65,A75,4,A93,A101,4,A124,40,A143,A152,1,A174,1,A192,A201,1,male,1977.0,711.7199999999999,1186.2,,False,
A11,12,A34,A41,1526,A61,A75,4,A93,A101,4,A124,66,A143,A153,2,A174,1,A191,A201,0,male,1526.0,183.12,915.6,,False,
A11,42,A32,A43,3965,A61,A72,4,A93,A101,3,A123,34,A143,A152,1,A173,1,A191,A201,1,male,3965.0,1665.2999999999997,2379.0,,False,
A12,11,A33,A43,4771,A61,A74,2,A93,A101,4,A122,51,A143,A152,1,A173,1,A191,A201,0,male,4771.0,524.81,2862.6,,False,
A14,54,A30,A41,9436,A65,A73,2,A93,A101,2,A122,39,A143,A152,1,A172,2,A191,A201,0,male,9436.0,5095.44,5661.599999999999,0.17098515633350492,True,3256.1458339142337
A12,30,A32,A42,3832,A61,A72,2,A94,A101,1,A122,22,A143,A152,1,A173,1,A191,A201,0,male,3832.0,1149.6,2299.2,,False,
A14,24,A32,A43,5943,A65,A72,1,A92,A101,1,A123,44,A143,A152,2,A173,1,A192,A201,1,female,5943.0,1426.32,3565.7999999999997,,False,
A14,15,A32,A43,1213,A63,A75,4,A93,A101,3,A122,47,A142,A152,1,A173,1,A192,A201,0,male,1213.0,181.95,727.8,,False,
A14,18,A32,A49,1568,A62,A73,3,A92,A101,4,A122,24,A143,A151,1,A172,1,A191,A201,0,female,1568.0,282.24,940.8,,False,
A11,24,A32,A410,1755,A61,A75,4,A92,A103,4,A121,58,A143,A152,1,A172,1,A192,A201,0,female,1755.0,421.2,1053.0,0.5715553409399099,True,-421.3868836136151
A11,10,A32,A43,2315,A61,A75,3,A93,A101,4,A121,52,A143,A152,1,A172,1,A191,A201,0,male,2315.0,231.50000000000003,1389.0,,False,
A14,12,A34,A49,1412,A61,A73,4,A92,A103,2,A121,29,A143,A152,2,A174,1,A192,A201,0,female,1412.0,169.44,847.1999999999999,0.11790575745251601,True,49.57229074347413
A12,18,A34,A42,1295,A61,A72,4,A92,A101,1,A122,27,A143,A152,2,A173,1,A191,A201,0,female,1295.0,233.10000000000002,777.0,,False,
A12,36,A32,A46,12612,A62,A73,1,A93,A101,4,A124,47,A143,A153,1,A173,2,A192,A201,1,male,12612.0,4540.32,7567.2,,False,
A11,18,A32,A40,2249,A62,A74,4,A93,A101,3,A123,30,A143,A152,1,A174,2,A192,A201,0,male,2249.0,404.82,1349.3999999999999,,False,
A11,12,A30,A45,1108,A61,A74,4,A93,A101,3,A121,28,A143,A152,2,A173,1,A191,A201,1,male,1108.0,132.96,664.8,0.37361234236926455,True,-165.09298224850448
A14,12,A34,A43,618,A61,A75,4,A93,A101,4,A121,56,A143,A152,1,A173,1,A191,A201,0,male,618.0,74.16,370.8,,False,
A11,12,A34,A41,1409,A61,A75,4,A93,A101,3,A121,54,A143,A152,1,A173,1,A191,A201,0,male,1409.0,169.07999999999998,845.4,,False,
A14,12,A34,A43,797,A65,A75,4,A92,A101,3,A122,33,A141,A152,1,A172,2,A191,A201,1,female,797.0,95.64,478.2,,False,
A13,24,A34,A42,3617,A65,A75,4,A93,A102,4,A124,20,A143,A151,2,A173,1,A191,A201,0,male,3617.0,868.0799999999999,2170.2,,False,
A12,12,A32,A40,1318,A64,A75,4,A93,A101,4,A121,54,A143,A152,1,A173,1,A192,A201,0,male,1318.0,158.16,790.8,,False,
A12,54,A30,A49,15945,A61,A72,3,A93,A101,4,A124,58,A143,A151,1,A173,1,A192,A201,1,male,15945.0,8610.3,9567.0,,False,
A14,12,A34,A46,2012,A65,A74,4,A92,A101,2,A123,61,A143,A152,1,A173,1,A191,A201,0,female,2012.0,241.44,1207.2,0.07568650823732086,True,131.79749670708753
A12,18,A32,A49,2622,A62,A73,4,A93,A101,4,A123,34,A143,A152,1,A173,1,A191,A201,0,male,2622.0,471.96,1573.2,,False,
A12,36,A34,A43,2337,A61,A75,4,A93,A101,4,A121,36,A143,A152,1,A173,1,A191,A201,0,male,2337.0,841.3199999999999,1402.2,,False,
A12,20,A33,A41,7057,A65,A74,3,A93,A101,4,A122,36,A141,A151,2,A174,2,A192,A201,0,male,7057.0,1411.3999999999999,4234.2,,False,
A14,24,A32,A40,1469,A62,A75,4,A94,A101,4,A121,41,A143,A151,1,A172,1,A191,A201,0,male,1469.0,352.56,881.4,,False,
A12,36,A32,A43,2323,A61,A74,4,A93,A101,4,A123,24,A143,A151,1,A173,1,A191,A201,0,male,2323.0,836.28,1393.8,,False,
A14,6,A33,A43,932,A61,A73,3,A92,A101,2,A121,24,A143,A152,1,A173,1,A191,A201,0,female,932.0,55.919999999999995,559.1999999999999,,False,
A12,9,A34,A42,1919,A61,A74,4,A93,A101,3,A123,35,A143,A151,1,A173,1,A192,A201,0,male,1919.0,172.71,1151.3999999999999,,False,
A14,12,A32,A41,2445,A65,A72,2,A94,A101,4,A123,26,A143,A151,1,A173,1,A192,A201,0,male,2445.0,293.4,1467.0,,False,
A12,24,A34,A410,11938,A61,A73,2,A93,A102,3,A123,39,A143,A152,2,A174,2,A192,A201,1,male,11938.0,2865.12,7162.8,,False,
A14,18,A31,A40,6458,A61,A75,2,A93,A101,4,A124,39,A141,A152,2,A174,2,A192,A201,1,male,6458.0,1162.4399999999998,3874.7999999999997,,False,
A12,12,A32,A40,6078,A61,A74,2,A93,A101,2,A123,32,A143,A152,1,A173,1,A191,A201,0,male,6078.0,729.36,3646.7999999999997,0.31067844029936625,True,-630.2185633004747
A11,24,A32,A42,7721,A65,A72,1,A92,A101,2,A122,30,A143,A152,1,A173,1,A192,A202,0,female,7721.0,1853.04,4632.599999999999,,False,
A12,14,A32,A49,1410,A63,A75,1,A94,A101,2,A121,35,A143,A152,1,A173,1,A192,A201,0,male,1410.0,197.4,846.0,,False,
A12,6,A33,A49,1449,A62,A75,1,A91,A101,2,A123,31,A141,A152,2,A173,2,A191,A201,0,male,1449.0,86.94,869.4,,False,
A13,15,A32,A46,392,A61,A72,4,A92,A101,4,A122,23,A143,A151,1,A173,1,A192,A201,0,female,392.0,58.8,235.2,,False,
A12,18,A32,A40,6260,A61,A74,3,A93,A101,3,A121,28,A143,A151,1,A172,1,A191,A201,0,male,6260.0,1126.8,3756.0,0.4569609713434743,True,-1104.4490308759164
A14,36,A34,A40,7855,A61,A73,4,A92,A101,2,A121,25,A142,A152,2,A173,1,A192,A201,1,female,7855.0,2827.7999999999997,4713.0,,False,
A11,12,A32,A43,1680,A63,A75,3,A94,A101,1,A121,35,A143,A152,1,A173,1,A191,A201,0,male,1680.0,201.6,1008.0,,False,
A14,48,A34,A43,3578,A65,A75,4,A93,A101,1,A121,47,A143,A152,1,A173,1,A192,A201,0,male,3578.0,1717.4399999999998,2146.7999999999997,0.08335586799413257,True,1395.3329206623532
A11,42,A32,A43,7174,A65,A74,4,A92,A101,3,A123,30,A143,A152,1,A174,1,A192,A201,1,female,7174.0,3013.08,4304.4,0.3241663203170675,True,640.999434406265
A11,10,A34,A42,2132,A65,A72,2,A92,A102,3,A121,27,A143,A151,2,A173,1,A191,A202,0,female,2132.0,213.20000000000002,1279.2,,False,
A11,33,A34,A42,4281,A63,A73,1,A92,A101,4,A123,23,A143,A152,2,A173,1,A191,A201,1,female,4281.0,1412.73,2568.6,0.30180524143256854,True,211.14373812727206
A12,12,A34,A40,2366,A63,A74,3,A91,A101,3,A123,36,A143,A152,1,A174,1,A192,A201,0,male,2366.0,283.92,1419.6,,False,
A11,21,A32,A43,1835,A61,A73,3,A92,A101,2,A121,25,A143,A152,2,A173,1,A192,A201,1,female,1835.0,385.34999999999997,1101.0,,False,
A14,24,A34,A41,3868,A61,A75,4,A92,A101,2,A123,41,A143,A151,2,A174,1,A192,A201,0,female,3868.0,928.3199999999999,2320.7999999999997,,False,
A14,12,A32,A42,1768,A61,A73,3,A93,A101,2,A121,24,A143,A151,1,A172,1,A191,A201,0,male,1768.0,212.16,1060.8,0.1782093404068789,True,-14.693361964340596
A13,10,A34,A40,781,A61,A75,4,A93,A101,4,A124,63,A143,A153,2,A173,1,A192,A201,0,male,781.0,78.10000000000001,468.59999999999997,,False,
A12,18,A32,A42,1924,A65,A72,4,A92,A101,3,A121,27,A143,A151,1,A173,1,A191,A201,1,female,1924.0,346.32,1154.3999999999999,,False,
A11,12,A34,A40,2121,A61,A73,4,A93,A101,2,A122,30,A143,A152,2,A173,1,A191,A201,0,male,2121.0,254.51999999999998,1272.6,,False,
A11,12,A32,A43,701,A61,A73,4,A94,A101,2,A121,40,A143,A152,1,A172,1,A191,A201,0,male,701.0,84.11999999999999,420.59999999999997,,False,
A12,12,A32,A45,639,A61,A73,4,A93,A101,2,A123,30,A143,A152,1,A173,1,A191,A201,1,male,639.0,76.67999999999999,383.4,,False,
A12,12,A34,A41,1860,A61,A71,4,A93,A101,2,A123,34,A143,A152,2,A174,1,A192,A201,0,male,1860.0,223.2,1116.0,0.2812543265001163,True,-153.45579404895574
A11,12,A34,A40,3499,A61,A73,3,A92,A102,2,A121,29,A143,A152,2,A173,1,A191,A201,1,female,3499.0,419.88,2099.4,0.18930385436005132,True,-57.02941421219015
A12,48,A32,A40,8487,A65,A74,1,A92,A101,2,A123,24,A143,A152,1,A173,1,A191,A201,0,female,8487.0,4073.7599999999998,5092.2,0.3489438210456209,True,875.3548940486812
A11,36,A33,A46,6887,A61,A73,4,A93,A101,3,A122,29,A142,A152,1,A173,1,A192,A201,1,male,6887.0,2479.3199999999997,4132.2,,False,
A14,15,A32,A42,2708,A61,A72,2,A93,A101,3,A122,27,A141,A152,2,A172,1,A191,A201,0,male,2708.0,406.2,1624.8,0.40505548540884534,True,-416.46769086536483
A14,18,A32,A42,1984,A61,A73,4,A93,A101,4,A124,47,A141,A153,2,A173,1,A191,A201,0,male,1984.0,357.12,1190.3999999999999,0.4446474510159602,True,-330.9808233962187
A14,60,A32,A43,10144,A62,A74,2,A92,A101,4,A121,21,A143,A152,1,A173,1,A192,A201,0,female,10144.0,6086.4,6086.4,0.22949049525952764,True,3292.8580993048217
A14,12,A34,A43,1240,A65,A75,4,A92,A101,2,A121,38,A143,A152,2,A173,1,A192,A201,0,female,1240.0,148.79999999999998,744.0,,False,
A14,27,A33,A41,8613,A64,A73,2,A93,A101,2,A123,27,A143,A152,2,A173,1,A191,A201,0,male,8613.0,2325.5099999999998,5167.8,,False,
A12,12,A32,A43,766,A63,A73,4,A93,A101,3,A121,66,A143,A152,1,A172,1,A191,A201,1,male,766.0,91.92,459.59999999999997,,False,
A12,15,A34,A43,2728,A65,A74,4,A93,A103,2,A121,35,A141,A152,3,A173,1,A192,A201,0,male,2728.0,409.20000000000005,1636.8,0.16219024963051445,True,77.3587492559675
A13,12,A32,A43,1881,A61,A73,2,A92,A101,2,A123,44,A143,A151,1,A172,1,A192,A201,0,female,1881.0,225.72,1128.6,,False,
A13,6,A32,A40,709,A64,A72,2,A94,A101,2,A121,27,A143,A152,1,A171,1,A191,A202,0,male,709.0,42.54,425.4,,False,
A12,36,A32,A43,4795,A61,A72,4,A92,A101,1,A124,30,A143,A152,1,A174,1,A192,A201,0,female,4795.0,1726.1999999999998,2877.0,0.6259036755196079,True,-1154.9597991518592
A11,27,A32,A43,3416,A61,A73,3,A93,A101,2,A123,27,A143,A152,1,A174,1,A191,A201,0,male,3416.0,922.3199999999999,2049.6,0.5592868621504982,True,-739.8358113623084
A11,18,A32,A42,2462,A61,A73,2,A93,A101,2,A123,22,A143,A152,1,A173,1,A191,A201,1,male,2462.0,443.15999999999997,1477.2,,False,
A14,21,A34,A42,2288,A61,A72,4,A92,A101,4,A122,23,A143,A152,1,A173,1,A192,A201,0,female,2288.0,480.48,1372.8,,False,
A12,48,A31,A49,3566,A62,A74,4,A93,A101,2,A123,30,A143,A152,1,A173,1,A191,A201,0,male,3566.0,1711.6799999999998,2139.6,,False,
A11,6,A34,A40,860,A61,A75,1,A92,A101,4,A124,39,A143,A152,2,A173,1,A192,A201,0,female,860.0,51.6,516.0,,False,
A14,12,A34,A40,682,A62,A74,4,A92,A101,3,A123,51,A143,A152,2,A173,1,A192,A201,0,female,682.0,81.84,409.2,,False,
A11,36,A34,A42,5371,A61,A73,3,A93,A103,2,A122,28,A143,A152,2,A173,1,A191,A201,0,male,5371.0,1933.56,3222.6,,False,
A14,18,A34,A43,1582,A64,A75,4,A93,A101,4,A123,46,A143,A152,2,A173,1,A191,A201,0,male,1582.0,284.76,949.1999999999999,0.05906170039408411,True,211.88022418171596
A14,6,A32,A43,1346,A62,A75,2,A93,A101,4,A124,42,A141,A153,1,A173,2,A192,A201,0,male,1346.0,80.75999999999999,807.6,,False,
A14,10,A32,A43,1924,A61,A73,1,A93,A101,4,A122,38,A143,A152,1,A173,1,A192,A202,0,male,1924.0,192.4,1154.3999999999999,,False,
A13,36,A32,A43,5848,A61,A73,4,A93,A101,1,A123,24,A143,A152,1,A173,1,A191,A201,0,male,5848.0,2105.2799999999997,3508.7999999999997,,False,
A12,24,A34,A41,7758,A64,A75,2,A92,A101,4,A124,29,A143,A151,1,A173,1,A191,A201,0,female,7758.0,1861.9199999999998,4654.8,,False,
A12,24,A33,A49,6967,A62,A74,4,A93,A101,4,A123,36,A143,A151,1,A174,1,A192,A201,0,male,6967.0,1672.08,4180.2,,False,
A11,12,A32,A42,1282,A61,A73,2,A92,A101,4,A123,20,A143,A151,1,A173,1,A191,A201,1,female,1282.0,153.84,769.1999999999999,0.3027580490122271,True,-125.61778956024605
A11,9,A34,A45,1288,A62,A75,3,A93,A103,4,A121,48,A143,A152,2,A173,2,A191,A202,0,male,1288.0,115.92,772.8,,False,
A11,12,A31,A48,339,A61,A75,4,A94,A101,1,A123,45,A141,A152,1,A172,1,A191,A201,0,male,339.0,40.68,203.4,,False,
A12,24,A32,A40,3512,A62,A74,2,A93,A101,3,A123,38,A141,A152,2,A173,1,A192,A201,0,male,3512.0,842.88,2107.2,,False,
A14,6,A34,A43,1898,A65,A73,1,A93,A101,2,A121,34,A143,A152,2,A172,2,A191,A201,0,male,1898.0,113.88,1138.8,0.07506722452391668,True,19.84478918338006
A14,24,A34,A43,2872,A62,A75,3,A93,A101,4,A121,36,A143,A152,1,A173,2,A192,A201,0,male,2872.0,689.28,1723.2,0.0826659811588488,True,489.8499737739004
A14,18,A34,A40,1055,A61,A72,4,A92,A101,1,A122,30,A143,A152,2,A173,1,A191,A201,0,female,1055.0,189.89999999999998,633.0,0.19429434618088764,True,30.015182527747527
A14,15,A32,A44,1262,A63,A74,4,A93,A101,3,A122,36,A143,A152,2,A173,1,A192,A201,0,male,1262.0,189.3,757.1999999999999,,False,
A12,10,A32,A40,7308,A61,A71,2,A93,A101,4,A124,70,A141,A153,1,A174,1,A192,A201,0,male,7308.0,730.8,4384.8,,False,
A14,36,A32,A40,909,A63,A75,4,A93,A101,4,A122,36,A143,A152,1,A173,1,A191,A201,0,male,909.0,327.24,545.4,,False,
A14,6,A32,A42,2978,A63,A73,1,A93,A101,2,A123,32,A143,A152,1,A173,1,A192,A201,0,male,2978.0,178.68,1786.8,,False,
A11,18,A32,A42,1131,A61,A71,4,A92,A101,2,A123,33,A143,A152,1,A173,1,A191,A201,1,female,1131.0,203.57999999999998,678.6,0.6974731295214269,True,-411.7168454012124
A12,11,A32,A42,1577,A64,A72,4,A92,A101,1,A121,20,A143,A152,1,A173,1,A191,A201,0,female,1577.0,173.46999999999997,946.1999999999999,0.18557246411743217,True,-34.30992089836528
A14,24,A32,A42,3972,A61,A74,2,A92,A101,4,A122,25,A143,A151,1,A173,1,A192,A201,0,female,3972.0,953.28,2383.2,0.18036884619258692,True,351.4829520553576
A12,24,A34,A49,1935,A61,A75,4,A91,A101,4,A121,31,A143,A152,2,A173,1,A192,A201,1,male,1935.0,464.4,1161.0,,False,
A11,15,A30,A40,950,A61,A75,4,A93,A101,3,A123,33,A143,A151,2,A173,2,A191,A201,1,male,950.0,142.5,570.0,,False,
A14,12,A32,A42,763,A61,A73,4,A92,A101,1,A121,26,A143,A152,1,A173,1,A192,A201,0,female,763.0,91.56,457.8,0.12438154957619223,True,23.22975192482304
A12,24,A33,A42,2064,A61,A71,3,A92,A101,2,A122,34,A143,A152,1,A174,1,A192,A201,1,female,2064.0,495.35999999999996,1238.3999999999999,,False,
A12,8,A32,A43,1414,A61,A73,4,A93,A103,2,A121,33,A143,A152,1,A173,1,A191,A202,0,male,1414.0,113.12,848.4,,False,
A11,21,A33,A46,3414,A61,A72,2,A93,A101,1,A122,26,A143,A152,2,A173,1,A191,A201,1,male,3414.0,716.94,2048.4,,False,
A14,30,A31,A41,7485,A65,A71,4,A92,A101,1,A121,53,A141,A152,1,A174,1,A192,A201,1,female,7485.0,2245.5,4491.0,,False,
A11,12,A32,A42,2577,A61,A73,2,A91,A101,1,A123,42,A143,A152,1,A173,1,A191,A201,0,male,2577.0,309.24,1546.2,,False,
A11,6,A34,A43,338,A63,A75,4,A93,A101,4,A123,52,A143,A152,2,A173,1,A191,A201,0,male,338.0,20.279999999999998,202.79999999999998,,False,
A14,12,A32,A43,1963,A61,A74,4,A93,A101,2,A123,31,A143,A151,2,A174,2,A192,A201,0,male,1963.0,235.56,1177.8,0.11633373685876174,True,71.13854967330053
A11,21,A34,A40,571,A61,A75,4,A93,A101,4,A121,65,A143,A152,2,A173,1,A191,A201,0,male,571.0,119.91,342.59999999999997,,False,
A14,36,A33,A49,9572,A61,A72,1,A91,A101,1,A123,28,A143,A152,2,A173,1,A191,A201,1,male,9572.0,3445.9199999999996,5743.2,,False,
A12,36,A33,A49,4455,A61,A73,2,A91,A101,2,A121,30,A142,A152,2,A174,1,A192,A201,1,male,4455.0,1603.8000000000002,2673.0,,False,
A11,21,A31,A40,1647,A65,A73,4,A93,A101,2,A122,40,A143,A152,2,A172,2,A191,A201,1,male,1647.0,345.87,988.1999999999999,0.3842160643017533,True,-166.70112490304004
A14,24,A34,A42,3777,A64,A73,4,A93,A101,4,A121,50,A143,A152,1,A173,1,A192,A201,0,male,3777.0,906.48,2266.2,,False,
A12,18,A34,A40,884,A61,A75,4,A93,A101,4,A123,36,A141,A152,1,A173,2,A192,A201,1,male,884.0,159.12,530.4,,False,
A14,15,A34,A43,1360,A61,A73,4,A93,A101,2,A122,31,A143,A152,2,A173,1,A191,A201,0,male,1360.0,204.0,816.0,,False,
A12,9,A31,A41,5129,A61,A75,2,A92,A101,4,A124,74,A141,A153,1,A174,2,A192,A201,1,female,5129.0,461.61,3077.4,,False,
A12,16,A34,A40,1175,A61,A71,2,A93,A101,3,A123,68,A143,A153,3,A171,1,A192,A201,0,male,1175.0,188.0,705.0,0.3166732316988471,True,-94.78919590707045
A11,12,A32,A43,674,A62,A74,4,A94,A101,1,A122,20,A143,A152,1,A173,1,A191,A201,1,male,674.0,80.88,404.4,0.45275307697122996,True,-138.83201319259848
A12,18,A30,A42,3244,A61,A73,1,A92,A101,4,A123,33,A141,A152,2,A173,1,A192,A201,0,female,3244.0,583.92,1946.3999999999999,,False,
A14,24,A32,A49,4591,A64,A73,2,A93,A101,3,A122,54,A143,A152,3,A174,1,A192,A201,1,male,4591.0,1101.84,2754.6,0.18919662167718354,True,372.21458029924224
A12,48,A30,A49,3844,A62,A74,4,A93,A101,4,A124,34,A143,A153,1,A172,2,A191,A201,1,male,3844.0,1845.12,2306.4,0.33975070110440836,True,434.6381693510266
A12,27,A32,A49,3915,A61,A73,4,A93,A101,2,A123,36,A143,A152,1,A173,2,A192,A201,1,male,3915.0,1057.05,2349.0,0.5121431220507164,True,-687.3350808608427
A14,6,A32,A43,2108,A61,A74,2,A94,A101,2,A121,29,A143,A151,1,A173,1,A191,A201,0,male,2108.0,126.47999999999999,1264.8,,False,
A12,45,A32,A43,3031,A62,A73,4,A93,A103,4,A122,21,A143,A151,1,A173,1,A191,A201,1,male,3031.0,1363.9499999999998,1818.6,0.3911379189207157,True,119.13401613887618
A12,9,A34,A46,1501,A61,A75,2,A92,A101,3,A123,34,A143,A152,2,A174,1,A192,A201,1,female,1501.0,135.09,900.6,,False,
A14,6,A34,A43,1382,A61,A73,1,A92,A101,1,A123,28,A143,A152,2,A173,1,A192,A201,0,female,1382.0,82.92,829.1999999999999,,False,
A12,12,A32,A42,951,A62,A72,4,A92,A101,4,A123,27,A141,A151,4,A173,1,A191,A201,1,female,951.0,114.11999999999999,570.6,,False,
A12,24,A32,A41,2760,A65,A75,4,A93,A101,4,A124,36,A141,A153,1,A173,1,A192,A201,0,male,2760.0,662.4,1656.0,,False,
A12,18,A33,A42,4297,A61,A75,4,A91,A101,3,A124,40,A143,A152,1,A174,1,A192,A201,1,male,4297.0,773.46,2578.2,0.6187744157167464,True,-1300.4614581811902
A14,9,A34,A46,936,A63,A75,4,A93,A101,2,A123,52,A143,A152,2,A173,1,A192,A201,0,male,936.0,84.24,561.6,0.11926286851972834,True,7.215268995218636
A11,12,A32,A40,1168,A61,A73,4,A94,A101,3,A121,27,A143,A152,1,A172,1,A191,A201,0,male,1168.0,140.16,700.8,,False,
A14,27,A33,A49,5117,A61,A74,3,A93,A101,4,A123,26,A143,A152,2,A173,1,A191,A201,0,male,5117.0,1381.59,3070.2,,False,
A11,12,A32,A48,902,A61,A74,4,A94,A101,4,A122,21,A143,A151,1,A173,1,A191,A201,1,male,902.0,108.24,541.1999999999999,,False,
A14,12,A34,A40,1495,A61,A75,4,A93,A101,1,A121,38,A143,A152,2,A172,2,A191,A201,0,male,1495.0,179.4,897.0,,False,
A11,30,A34,A41,10623,A61,A75,3,A93,A101,4,A124,38,A143,A153,3,A174,2,A192,A201,0,male,10623.0,3186.9,6373.8,0.5549615136000259,True,-2118.9205430757675
A14,12,A34,A42,1935,A61,A75,4,A93,A101,4,A121,43,A143,A152,3,A173,1,A192,A201,0,male,1935.0,232.2,1161.0,,False,
A12,12,A34,A44,1424,A61,A74,4,A93,A101,3,A122,26,A143,A152,1,A173,1,A191,A201,0,male,1424.0,170.88,854.4,,False,
A11,24,A32,A49,6568,A61,A73,2,A94,A101,2,A123,21,A142,A152,1,A172,1,A191,A201,0,male,6568.0,1576.32,3940.7999999999997,,False,
A14,12,A32,A41,1413,A64,A74,3,A93,A101,2,A122,55,A143,A152,1,A173,1,A191,A202,0,male,1413.0,169.56,847.8,,False,
A14,9,A34,A43,3074,A65,A73,1,A93,A101,2,A121,33,A143,A152,2,A173,2,A191,A201,0,male,3074.0,276.65999999999997,1844.3999999999999,,False,
A14,36,A32,A43,3835,A65,A75,2,A92,A101,4,A121,45,A143,A152,1,A172,1,A192,A201,0,female,3835.0,1380.6,2301.0,,False,
A11,27,A30,A49,5293,A61,A71,2,A93,A101,4,A122,50,A142,A152,2,A173,1,A192,A201,1,male,5293.0,1429.11,3175.7999999999997,,False,
A13,30,A33,A49,1908,A61,A75,4,A93,A101,4,A121,66,A143,A152,1,A174,1,A192,A201,1,male,1908.0,572.4,1144.8,,False,
A14,36,A34,A43,3342,A65,A75,4,A93,A101,2,A123,51,A143,A152,1,A173,1,A192,A201,0,male,3342.0,1203.12,2005.1999999999998,,False,
A12,6,A34,A48,932,A65,A74,1,A92,A101,3,A122,39,A143,A152,2,A172,1,A191,A201,0,female,932.0,55.919999999999995,559.1999999999999,,False,
A11,18,A30,A49,3104,A61,A74,3,A93,A101,1,A122,31,A141,A152,1,A173,1,A192,A201,0,male,3104.0,558.7199999999999,1862.3999999999999,0.5319894042740143,True,-729.2901864759015
A13,36,A32,A43,3913,A61,A73,2,A93,A101,2,A121,23,A143,A152,1,A173,1,A192,A201,0,male,3913.0,1408.68,2347.7999999999997,,False,
A11,24,A32,A42,3021,A61,A73,2,A91,A101,2,A121,24,A143,A151,1,A172,1,A191,A201,0,male,3021.0,725.04,1812.6,,False,
A14,10,A32,A40,1364,A61,A73,2,A92,A101,4,A123,64,A143,A152,1,A173,1,A192,A201,0,female,1364.0,136.4,818.4,0.07975606914505014,True,60.248905180306124
A12,12,A32,A43,625,A61,A72,4,A94,A103,1,A121,26,A141,A152,1,A172,1,A191,A201,0,male,625.0,75.0,375.0,0.36161024727489527,True,-87.72461127370288
A11,12,A32,A46,1200,A65,A73,4,A92,A101,4,A122,23,A141,A151,1,A173,1,A192,A201,0,female,1200.0,144.0,720.0,0.46346967189556515,True,-256.4377965177683
A14,12,A32,A43,707,A61,A73,4,A93,A101,2,A121,30,A141,A152,2,A173,1,A191,A201,0,male,707.0,84.84,424.2,,False,
A14,24,A33,A49,2978,A65,A73,4,A93,A101,4,A121,32,A143,A152,2,A173,2,A192,A201,0,male,2978.0,714.72,1786.8,,False,
A14,15,A32,A41,4657,A61,A73,3,A93,A101,2,A123,30,A143,A152,1,A173,1,A192,A201,0,male,4657.0,698.5500000000001,2794.2,,False,
A14,36,A30,A45,2613,A61,A73,4,A93,A101,2,A123,27,A143,A152,2,A173,1,A191,A201,0,male,2613.0,940.6800000000001,1567.8,,False,
A12,48,A32,A43,10961,A64,A74,1,A93,A102,2,A124,27,A141,A152,2,A173,1,A192,A201,1,male,10961.0,5261.28,6576.599999999999,,False,
A11,12,A32,A42,7865,A61,A75,4,A93,A101,4,A124,53,A143,A153,1,A174,1,A192,A201,1,male,7865.0,943.8,4719.0,,False,
A14,9,A32,A43,1478,A61,A74,4,A93,A101,2,A123,22,A143,A152,1,A173,1,A191,A201,1,male,1478.0,133.01999999999998,886.8,0.07174488390565573,True,59.853132495334165
A11,24,A32,A42,3149,A61,A72,4,A93,A101,1,A124,22,A141,A153,1,A173,1,A191,A201,0,male,3149.0,755.76,1889.3999999999999,0.6354388786266177,True,-925.077504187984
A13,36,A32,A43,4210,A61,A73,4,A93,A101,2,A123,26,A143,A152,1,A173,1,A191,A201,1,male,4210.0,1515.6,2526.0,,False,
A14,9,A32,A40,2507,A63,A75,2,A93,A101,4,A124,51,A143,A153,1,A172,1,A191,A201,0,male,2507.0,225.63,1504.2,,False,
A14,12,A32,A43,2141,A62,A74,3,A93,A101,1,A124,35,A143,A152,1,A173,1,A191,A201,0,male,2141.0,256.92,1284.6,,False,
A12,18,A32,A43,866,A61,A73,4,A94,A103,2,A121,25,A143,A152,1,A172,1,A191,A201,0,male,866.0,155.88,519.6,,False,
A14,4,A34,A43,1544,A61,A74,2,A93,A101,1,A121,42,A143,A152,3,A172,2,A191,A201,0,male,1544.0,61.76,926.4,0.05169446516029765,True,10.677597307200273
A11,24,A32,A43,1823,A61,A71,4,A93,A101,2,A123,30,A142,A152,1,A174,2,A191,A201,1,male,1823.0,437.52,1093.8,0.6904143077751729,True,-619.7252377822776
A12,6,A32,A40,14555,A65,A71,1,A93,A101,2,A122,23,A143,A152,1,A171,1,A192,A201,1,male,14555.0,873.3,8733.0,0.2889084460053467,True,-1902.041204861162
A12,21,A32,A49,2767,A62,A75,4,A91,A101,2,A123,61,A141,A151,2,A172,1,A191,A201,1,male,2767.0,581.0699999999999,1660.2,,False,
A14,12,A34,A43,1291,A61,A73,4,A92,A101,2,A122,35,A143,A152,2,A173,1,A191,A201,0,female,1291.0,154.92,774.6,,False,
A11,30,A32,A43,2522,A61,A75,1,A93,A103,3,A122,39,A143,A152,1,A173,2,A191,A201,0,male,2522.0,756.5999999999999,1513.2,,False,
A11,24,A32,A40,915,A65,A75,4,A92,A101,2,A123,29,A141,A152,1,A173,1,A191,A201,1,female,915.0,219.6,549.0,,False,
A14,6,A32,A43,1595,A61,A74,3,A93,A101,2,A122,51,A143,A152,1,A173,2,A191,A201,0,male,1595.0,95.7,957.0,,False,
A11,48,A30,A41,4605,A61,A75,3,A93,A101,4,A124,24,A143,A153,2,A173,2,A191,A201,1,male,4605.0,2210.4,2763.0,,False,
A14,12,A34,A49,1185,A61,A73,3,A92,A101,2,A121,27,A143,A152,2,A173,1,A191,A201,0,female,1185.0,142.2,711.0,,False,
A14,12,A31,A48,3447,A63,A73,4,A92,A101,3,A121,35,A143,A152,1,A172,2,A191,A201,0,female,3447.0,413.64,2068.2,,False,
A14,24,A32,A49,1258,A61,A74,4,A93,A101,1,A121,25,A143,A152,1,A173,1,A192,A201,0,male,1258.0,301.92,754.8,,False,
A14,12,A34,A43,717,A61,A75,4,A93,A101,4,A121,52,A143,A152,3,A173,1,A191,A201,0,male,717.0,86.03999999999999,430.2,,False,
A14,6,A30,A40,1204,A62,A73,4,A93,A101,1,A124,35,A141,A151,1,A173,1,A191,A202,0,male,1204.0,72.24,722.4,,False,
A13,24,A32,A42,1925,A61,A73,2,A93,A101,2,A121,26,A143,A152,1,A173,1,A191,A201,0,male,1925.0,462.0,1155.0,,False,
A14,18,A32,A43,433,A61,A71,3,A92,A102,4,A121,22,A143,A151,1,A173,1,A191,A201,1,female,433.0,77.94,259.8,,False,
A11,6,A34,A40,666,A64,A74,3,A92,A101,4,A121,39,A143,A152,2,A172,1,A192,A201,0,female,666.0,39.96,399.59999999999997,,False,
A13,12,A32,A42,2251,A61,A73,1,A92,A101,2,A123,46,A143,A152,1,A172,1,A191,A201,0,female,2251.0,270.12,1350.6,,False,
A12,30,A32,A40,2150,A61,A73,4,A92,A103,2,A124,24,A141,A152,1,A173,1,A191,A201,1,female,2150.0,645.0,1290.0,,False,
A14,24,A33,A42,4151,A62,A73,2,A93,A101,3,A122,35,A143,A152,2,A173,1,A191,A201,0,male,4151.0,996.24,2490.6,,False,
A12,9,A32,A42,2030,A65,A74,2,A93,A101,1,A123,24,A143,A152,1,A173,1,A192,A201,0,male,2030.0,182.7,1218.0,0.21019238139289498,True,-111.71646861702803
A12,60,A33,A43,7418,A65,A73,1,A93,A101,1,A121,27,A143,A152,1,A172,1,A191,A201,0,male,7418.0,4450.8,4450.8,,False,
A14,24,A34,A43,2684,A61,A73,4,A93,A101,2,A121,35,A143,A152,2,A172,1,A191,A201,0,male,2684.0,644.16,1610.3999999999999,,False,
A11,12,A31,A43,2149,A61,A73,4,A91,A101,1,A124,29,A143,A153,1,A173,1,A191,A201,1,male,2149.0,257.88,1289.3999999999999,0.37459280219021895,True,-321.719950972882
A14,15,A32,A41,3812,A62,A72,1,A92,A101,4,A123,23,A143,A152,1,A173,1,A192,A201,0,female,3812.0,571.8,2287.2,0.14576785233211673,True,155.04971018247824
A14,11,A34,A43,1154,A62,A71,4,A92,A101,4,A121,57,A143,A152,3,A172,1,A191,A201,0,female,1154.0,126.93999999999998,692.4,0.08786129500444652,True,54.95172655105677
A11,12,A32,A42,1657,A61,A73,2,A93,A101,2,A121,27,A143,A152,1,A173,1,A191,A201,0,male,1657.0,198.84,994.1999999999999,,False,
A11,24,A32,A43,1603,A61,A75,4,A92,A101,4,A123,55,A143,A152,1,A173,1,A191,A201,0,female,1603.0,384.71999999999997,961.8,0.6095903303069632,True,-436.10557156493206
A11,18,A34,A40,5302,A61,A75,2,A93,A101,4,A124,36,A143,A153,3,A174,1,A192,A201,0,male,5302.0,954.36,3181.2,,False,
A14,12,A34,A46,2748,A61,A75,2,A92,A101,4,A124,57,A141,A153,3,A172,1,A191,A201,0,female,2748.0,329.76,1648.8,0.31825178254640435,True,-299.9202468750138
A14,10,A34,A40,1231,A61,A75,3,A93,A101,4,A121,32,A143,A152,2,A172,2,A191,A202,0,male,1231.0,123.10000000000001,738.6,,False,
A12,15,A32,A43,802,A61,A75,4,A93,A101,3,A123,37,A143,A152,1,A173,2,A191,A201,1,male,802.0,120.3,481.2,,False,
A14,36,A34,A49,6304,A65,A75,4,A93,A101,4,A121,36,A143,A152,2,A173,1,A191,A201,0,male,6304.0,2269.44,3782.3999999999996,,False,
A14,24,A32,A43,1533,A61,A72,4,A92,A101,3,A123,38,A142,A152,1,A173,1,A192,A201,0,female,1533.0,367.91999999999996,919.8,,False,
A11,14,A32,A40,8978,A61,A75,1,A91,A101,4,A122,45,A143,A152,1,A174,1,A192,A202,1,male,8978.0,1256.92,5386.8,0.4491956057121203,True,-1727.409829581728
A14,24,A32,A43,999,A65,A75,4,A93,A101,2,A123,25,A143,A152,2,A173,1,A191,A201,0,male,999.0,239.76,599.4,,False,
A14,18,A32,A40,2662,A65,A74,4,A93,A101,3,A122,32,A143,A152,1,A173,1,A191,A202,0,male,2662.0,479.15999999999997,1597.2,,False,
A14,12,A34,A42,1402,A63,A74,3,A92,A101,4,A123,37,A143,A151,1,A173,1,A192,A201,0,female,1402.0,168.23999999999998,841.1999999999999,0.06974123636362954,True,97.84040636509779
A12,48,A31,A40,12169,A65,A71,4,A93,A102,4,A124,36,A143,A153,1,A174,1,A192,A201,0,male,12169.0,5841.12,7301.4,,False,
A12,48,A32,A43,3060,A61,A74,4,A93,A101,4,A121,28,A143,A152,2,A173,1,A191,A201,1,male,3060.0,1468.8,1836.0,0.4099366598250331,True,114.0413266102305
A11,30,A32,A45,11998,A61,A72,1,A91,A101,1,A124,34,A143,A152,1,A172,1,A192,A201,1,male,11998.0,3599.4,7198.8,,False,
A14,9,A32,A43,2697,A61,A73,1,A93,A101,2,A121,32,A143,A152,1,A173,2,A191,A201,0,male,2697.0,242.73,1618.2,,False,
A14,18,A34,A43,2404,A61,A73,2,A92,A101,2,A123,26,A143,A152,2,A173,1,A191,A201,0,female,2404.0,432.7199999999999,1442.3999999999999,0.11700606747067903,True,213.3195827643803
A11,12,A32,A42,1262,A65,A75,2,A91,A101,4,A122,49,A143,A152,1,A172,1,A192,A201,0,male,1262.0,151.44,757.1999999999999,0.23263508023845594,True,-59.9415393078706
A14,6,A32,A42,4611,A61,A72,1,A92,A101,4,A122,32,A143,A152,1,A173,1,A191,A201,1,female,4611.0,276.65999999999997,2766.6,,False,
A14,24,A32,A43,1901,A62,A73,4,A93,A101,4,A123,29,A143,A151,1,A174,1,A192,A201,0,male,1901.0,456.24,1140.6,0.2678357438128107,True,28.549170849951395
A14,15,A34,A41,3368,A64,A75,3,A93,A101,4,A124,23,A143,A151,2,A173,1,A192,A201,0,male,3368.0,505.19999999999993,2020.8,,False,
A14,12,A32,A42,1574,A61,A73,4,A93,A101,2,A121,50,A143,A152,1,A173,1,A191,A201,0,male,1574.0,188.88,944.4,,False,
A13,18,A31,A43,1445,A65,A74,4,A93,A101,4,A123,49,A141,A152,1,A172,1,A191,A201,0,male,1445.0,260.1,867.0,0.17104047306790532,True,67.32028280516394
A14,15,A34,A42,1520,A65,A75,4,A93,A101,4,A122,63,A143,A152,1,A173,1,A191,A201,0,male,1520.0,228.0,912.0,0.07589164480867411,True,141.4835249181115
A12,24,A34,A40,3878,A62,A72,4,A91,A101,2,A123,37,A143,A152,1,A173,1,A192,A201,0,male,3878.0,930.7199999999999,2326.7999999999997,,False,
A11,47,A32,A40,10722,A61,A72,1,A92,A101,1,A121,35,A143,A152,1,A172,1,A192,A201,0,female,10722.0,5039.339999999999,6433.2,,False,
A11,48,A32,A41,4788,A61,A74,4,A93,A101,3,A122,26,A143,A152,1,A173,2,A191,A201,0,male,4788.0,2298.24,2872.7999999999997,,False,
A12,48,A33,A410,7582,A62,A71,2,A93,A101,4,A124,31,A143,A153,1,A174,1,A192,A201,0,male,7582.0,3639.3599999999997,4549.2,,False,
A12,12,A32,A43,1092,A61,A73,4,A92,A103,4,A121,49,A143,A152,2,A173,1,A192,A201,0,female,1092.0,131.04,655.1999999999999,,False,
A11,24,A33,A43,1024,A61,A72,4,A94,A101,4,A121,48,A142,A152,1,A173,1,A191,A201,1,male,1024.0,245.76,614.4,0.6585931936232781,True,-320.73552142699884
A14,12,A32,A49,1076,A61,A73,2,A94,A101,2,A121,26,A143,A152,1,A173,1,A192,A202,0,male,1076.0,129.12,645.6,,False,
A12,36,A32,A41,9398,A61,A72,1,A94,A101,4,A123,28,A143,A151,1,A174,1,A192,A201,1,male,9398.0,3383.2799999999997,5638.8,0.5664219409052027,True,-1727.0240646020113
A11,24,A34,A41,6419,A61,A75,2,A92,A101,4,A124,44,A143,A153,2,A174,2,A192,A201,0,female,6419.0,1540.56,3851.3999999999996,,False,
A13,42,A34,A41,4796,A61,A75,4,A93,A101,4,A124,56,A143,A153,1,A173,1,A191,A201,0,male,4796.0,2014.32,2877.6,0.4259878140967734,True,-69.57830753628787
A14,48,A34,A49,7629,A65,A75,4,A91,A101,2,A123,46,A141,A152,2,A174,2,A191,A201,0,male,7629.0,3661.92,4577.4,,False,
A12,48,A32,A42,9960,A61,A72,1,A92,A101,2,A123,26,A143,A152,1,A173,1,A192,A201,1,female,9960.0,4780.8,5976.0,,False,
A14,12,A32,A41,4675,A65,A72,1,A92,A101,4,A123,20,A143,A151,1,A173,1,A191,A201,0,female,4675.0,561.0,2805.0,0.19130437489106736,True,-82.93052588333268
A14,10,A32,A40,1287,A65,A75,4,A93,A102,2,A122,45,A143,A152,1,A172,1,A191,A202,0,male,1287.0,128.70000000000002,772.1999999999999,0.09321510600407187,True,44.722511000931675
A14,18,A32,A42,2515,A61,A73,3,A93,A101,4,A121,43,A143,A152,1,A173,1,A192,A201,0,male,2515.0,452.70000000000005,1509.0,,False,
A12,21,A34,A42,2745,A64,A74,3,A93,A101,2,A123,32,A143,A152,2,A173,1,A192,A201,0,male,2745.0,576.4499999999999,1647.0,0.18654560760488578,True,161.67516877091663
A14,6,A32,A40,672,A61,A71,1,A92,A101,4,A121,54,A143,A152,1,A171,1,A192,A201,0,female,672.0,40.32,403.2,,False,
A12,36,A30,A43,3804,A61,A73,4,A92,A101,1,A123,42,A143,A152,1,A173,1,A192,A201,1,female,3804.0,1369.4399999999998,2282.4,0.3960340450328875,True,-76.81296701290012
A13,24,A34,A40,1344,A65,A74,4,A93,A101,2,A121,37,A141,A152,2,A172,2,A191,A201,1,male,1344.0,322.56,806.4,0.23194954225051312,True,60.69824478086073
A11,10,A34,A40,1038,A61,A74,4,A93,A102,3,A122,49,A143,A152,2,A173,1,A192,A201,0,male,1038.0,103.80000000000001,622.8,,False,
A14,48,A34,A40,10127,A63,A73,2,A93,A101,2,A124,44,A141,A153,1,A173,1,A191,A201,1,male,10127.0,4860.96,6076.2,0.3084702541953042,True,1487.171474625287
A14,6,A32,A42,1543,A64,A73,4,A91,A101,2,A121,33,A143,A152,1,A173,1,A191,A201,0,male,1543.0,92.58,925.8,,False,
A14,30,A32,A41,4811,A65,A74,2,A92,A101,4,A122,24,A142,A151,1,A172,1,A191,A201,0,female,4811.0,1443.2999999999997,2886.6,,False,
A11,12,A32,A43,727,A62,A72,4,A94,A101,3,A124,33,A143,A152,1,A172,1,A192,A201,1,male,727.0,87.24,436.2,,False,
A12,8,A32,A42,1237,A61,A73,3,A92,A101,4,A121,24,A143,A152,1,A173,1,A191,A201,1,female,1237.0,98.96,742.1999999999999,0.14547392303486567,True,-23.4068451000076
A12,9,A32,A40,276,A61,A73,4,A94,A101,4,A121,22,A143,A151,1,A172,1,A191,A201,0,male,276.0,24.839999999999996,165.6,0.4543171445515967,True,-61.68015700840608
A12,48,A32,A410,5381,A65,A71,3,A93,A101,4,A124,40,A141,A153,1,A171,1,A192,A201,0,male,5381.0,2582.88,3228.6,,False,
A14,24,A32,A42,5511,A62,A73,4,A93,A101,1,A123,25,A142,A152,1,A173,1,A191,A201,0,male,5511.0,1322.6399999999999,3306.6,,False,
A13,24,A32,A42,3749,A61,A72,2,A92,A101,4,A123,26,A143,A152,1,A173,1,A191,A201,0,female,3749.0,899.76,2249.4,,False,
A12,12,A32,A40,685,A61,A74,2,A94,A101,3,A123,25,A141,A152,1,A172,1,A191,A201,1,male,685.0,82.2,411.0,,False,
A13,4,A32,A40,1494,A65,A72,1,A93,A101,2,A121,29,A143,A152,1,A172,2,A191,A202,0,male,1494.0,59.76,896.4,,False,
A11,36,A31,A42,2746,A61,A75,4,A93,A101,4,A123,31,A141,A152,1,A173,1,A191,A201,1,male,2746.0,988.56,1647.6,,False,
A11,12,A32,A42,708,A61,A73,2,A93,A103,3,A122,38,A143,A152,1,A172,2,A191,A201,0,male,708.0,84.96,424.8,,False,
A12,24,A32,A42,4351,A65,A73,1,A92,A101,4,A122,48,A143,A152,1,A172,1,A192,A201,0,female,4351.0,1044.24,2610.6,0.24276482713869035,True,156.97339918042894
A14,12,A34,A46,701,A61,A73,4,A93,A101,2,A123,32,A143,A152,2,A173,1,A191,A201,0,male,701.0,84.11999999999999,420.59999999999997,,False,
A11,15,A33,A42,3643,A61,A75,1,A92,A101,4,A122,27,A143,A152,2,A172,1,A191,A201,0,female,3643.0,546.4499999999999,2185.7999999999997,0.2963412050812311,True,-263.22825758319357
A12,30,A34,A40,4249,A61,A71,4,A94,A101,2,A123,28,A143,A152,2,A174,1,A191,A201,1,male,4249.0,1274.7,2549.4,,False,
A11,24,A32,A43,1938,A61,A72,4,A91,A101,3,A122,32,A143,A152,1,A173,1,A191,A201,1,male,1938.0,465.12,1162.8,,False,
A11,24,A32,A41,2910,A61,A74,2,A93,A101,1,A124,34,A143,A153,1,A174,1,A192,A201,0,male,2910.0,698.4,1746.0,0.37286522990952353,True,-213.03176799083928
A11,18,A32,A42,2659,A64,A73,4,A93,A101,2,A123,28,A143,A152,1,A173,1,A191,A201,0,male,2659.0,478.62,1595.3999999999999,,False,
A14,18,A34,A40,1028,A61,A73,4,A92,A101,3,A121,36,A143,A152,2,A173,1,A191,A201,0,female,1028.0,185.04,616.8,,False,
A11,8,A34,A40,3398,A61,A74,1,A93,A101,4,A121,39,A143,A152,2,A172,1,A191,A202,0,male,3398.0,271.84,2038.8,,False,
A14,12,A34,A42,5801,A65,A75,2,A93,A101,4,A122,49,A143,A151,1,A173,1,A192,A201,0,male,5801.0,696.12,3480.6,,False,
A14,24,A32,A40,1525,A64,A74,4,A92,A101,3,A123,34,A143,A152,1,A173,2,A192,A201,0,female,1525.0,366.0,915.0,,False,
A13,36,A32,A43,4473,A61,A75,4,A93,A101,2,A123,31,A143,A152,1,A173,1,A191,A201,0,male,4473.0,1610.28,2683.7999999999997,0.47542219193752083,True,-431.22092595506933
A12,6,A32,A43,1068,A61,A75,4,A93,A101,4,A123,28,A143,A152,1,A173,2,A191,A201,0,male,1068.0,64.08,640.8,0.2591289737004842,True,-118.5748309819973
A11,24,A34,A41,6615,A61,A71,2,A93,A101,4,A124,75,A143,A153,2,A174,1,A192,A201,0,male,6615.0,1587.6,3969.0,0.3340359419762659,True,-268.5041151853193
A14,18,A34,A46,1864,A62,A73,4,A92,A101,2,A121,30,A143,A152,2,A173,1,A191,A201,1,female,1864.0,335.52,1118.3999999999999,,False,
A12,60,A32,A40,7408,A62,A72,4,A92,A101,2,A122,24,A143,A152,1,A174,1,A191,A201,1,female,7408.0,4444.799999999999,4444.8,0.48013209799520984,True,176.61770166178258
A14,48,A34,A41,11590,A62,A73,2,A92,A101,4,A123,24,A141,A151,2,A172,1,A191,A201,1,female,11590.0,5563.2,6954.0,,False,
A11,24,A30,A42,4110,A61,A75,3,A93,A101,4,A124,23,A141,A151,2,A173,2,A191,A201,1,male,4110.0,986.4,2466.0,,False,
A11,6,A34,A42,3384,A61,A73,1,A91,A101,4,A121,44,A143,A151,1,A174,1,A192,A201,1,male,3384.0,203.04,2030.3999999999999,,False,
A12,13,A32,A43,2101,A61,A72,2,A92,A103,4,A122,23,A143,A152,1,A172,1,A191,A201,0,female,2101.0,273.13,1260.6,0.3357018710384883,True,-241.74603066786065
A11,15,A32,A44,1275,A65,A73,4,A92,A101,2,A123,24,A143,A151,1,A173,1,A191,A201,1,female,1275.0,191.25,765.0,0.39753861088141695,True,-188.89629665535494
A11,24,A32,A42,4169,A61,A73,4,A93,A101,4,A122,28,A143,A152,1,A173,1,A191,A201,0,male,4169.0,1000.56,2501.4,0.6494892375247006,True,-1273.9253302420007
A12,10,A32,A42,1521,A61,A73,4,A91,A101,2,A123,31,A143,A152,1,A172,1,A191,A201,0,male,1521.0,152.1,912.6,,False,
A12,24,A34,A46,5743,A61,A72,2,A92,A101,4,A124,24,A143,A153,2,A173,1,A192,A201,0,female,5743.0,1378.32,3445.7999999999997,,False,
A11,21,A32,A42,3599,A61,A74,1,A92,A101,4,A123,26,A143,A151,1,A172,1,A191,A201,0,female,3599.0,755.79,2159.4,0.337927756426057,True,-229.33361625567716
A12,18,A32,A43,3213,A63,A72,1,A94,A101,3,A121,25,A143,A151,1,A173,1,A191,A201,0,male,3213.0,578.34,1927.8,,False,
A12,18,A32,A49,4439,A61,A75,1,A93,A102,1,A121,33,A141,A152,1,A174,1,A192,A201,0,male,4439.0,799.02,2663.4,,False,
A13,10,A32,A40,3949,A61,A72,1,A93,A103,1,A122,37,A143,A152,1,A172,2,A191,A201,0,male,3949.0,394.90000000000003,2369.4,,False,
A14,15,A34,A43,1459,A61,A73,4,A92,A101,2,A123,43,A143,A152,1,A172,1,A191,A201,0,female,1459.0,218.84999999999997,875.4,,False,
A12,13,A34,A43,882,A61,A72,4,A93,A103,4,A121,23,A143,A152,2,A173,1,A191,A201,0,male,882.0,114.65999999999998,529.1999999999999,0.3200492684421588,True,-91.40692197916835
A12,24,A32,A43,3758,A63,A71,1,A92,A101,4,A124,23,A143,A151,1,A171,1,A191,A201,0,female,3758.0,901.92,2254.7999999999997,0.3861015369561725,True,-316.8944437402887
A14,6,A33,A49,1743,A62,A73,1,A93,A101,2,A121,34,A143,A152,2,A172,1,A191,A201,0,male,1743.0,104.58,1045.8,,False,
A12,9,A34,A46,1136,A64,A75,4,A93,A101,3,A124,32,A143,A153,2,A173,2,A191,A201,1,male,1136.0,102.24,681.6,,False,
A14,9,A32,A44,1236,A61,A72,1,A92,A101,4,A121,23,A143,A151,1,A173,1,A192,A201,0,female,1236.0,111.24,741.6,,False,
A12,9,A32,A42,959,A61,A73,1,A92,A101,2,A123,29,A143,A152,1,A173,1,A191,A202,1,female,959.0,86.31,575.4,,False,
A14,18,A34,A41,3229,A65,A71,2,A93,A101,4,A124,38,A143,A152,1,A174,1,A192,A201,0,male,3229.0,581.2199999999999,1937.3999999999999,,False,
A11,12,A30,A43,6199,A61,A73,4,A93,A101,2,A122,28,A143,A151,2,A173,1,A192,A201,1,male,6199.0,743.88,3719.3999999999996,0.3764749809356905,True,-936.4332529106485
A14,10,A32,A46,727,A63,A75,4,A93,A101,4,A124,46,A143,A153,1,A173,1,A192,A201,0,male,727.0,72.7,436.2,,False,
A12,24,A32,A40,1246,A61,A72,4,A93,A101,2,A121,23,A142,A152,1,A172,1,A191,A201,1,male,1246.0,299.03999999999996,747.6,0.5393598482982992,True,-265.4755916229319
A14,12,A34,A43,2331,A65,A75,1,A93,A102,4,A121,49,A143,A152,1,A173,1,A192,A201,0,male,2331.0,279.71999999999997,1398.6,,False,
A14,36,A33,A43,4463,A61,A73,4,A93,A101,2,A123,26,A143,A152,2,A174,1,A192,A201,1,male,4463.0,1606.6799999999998,2677.7999999999997,,False,
A14,12,A32,A43,776,A61,A73,4,A94,A101,2,A121,28,A143,A152,1,A173,1,A191,A201,0,male,776.0,93.11999999999999,465.59999999999997,0.1275979436334617,True,21.828476933112277
A11,30,A32,A42,2406,A61,A74,4,A92,A101,4,A121,23,A143,A151,1,A173,1,A191,A201,1,female,2406.0,721.8,1443.6,,False,
A12,18,A32,A46,1239,A65,A73,4,A93,A101,4,A124,61,A143,A153,1,A173,1,A191,A201,0,male,1239.0,223.02,743.4,,False,
A13,12,A32,A43,3399,A65,A75,2,A93,A101,3,A123,37,A143,A152,1,A174,1,A191,A201,0,male,3399.0,407.88,2039.3999999999999,,False,
A13,12,A33,A40,2247,A61,A73,2,A92,A101,2,A123,36,A142,A152,2,A173,1,A192,A201,0,female,2247.0,269.64,1348.2,,False,
A14,6,A32,A42,1766,A61,A73,1,A94,A101,2,A122,21,A143,A151,1,A173,1,A191,A201,0,male,1766.0,105.96,1059.6,,False,
A11,18,A32,A42,2473,A61,A71,4,A93,A101,1,A123,25,A143,A152,1,A171,1,A191,A201,1,male,2473.0,445.14,1483.8,,False,
A14,12,A32,A49,1542,A61,A74,2,A93,A101,4,A123,36,A143,A152,1,A173,1,A192,A201,0,male,1542.0,185.04,925.1999999999999,,False,
A14,18,A34,A41,3850,A61,A74,3,A93,A101,1,A123,27,A143,A152,2,A173,1,A191,A201,0,male,3850.0,693.0,2310.0,,False,
A11,18,A32,A42,3650,A61,A72,1,A92,A101,4,A123,22,A143,A151,1,A173,1,A191,A201,0,female,3650.0,657.0,2190.0,,False,
A11,36,A32,A42,3446,A61,A75,4,A93,A101,2,A123,42,A143,A152,1,A173,2,A191,A201,1,male,3446.0,1240.56,2067.6,0.6324668332948202,True,-851.7414792325925
A12,18,A32,A42,3001,A61,A74,2,A92,A101,4,A121,40,A143,A151,1,A173,1,A191,A201,0,female,3001.0,540.1800000000001,1800.6,,False,
A14,36,A32,A40,3079,A65,A73,4,A93,A101,4,A121,36,A143,A152,1,A173,1,A191,A201,0,male,3079.0,1108.4399999999998,1847.3999999999999,0.11368201491496352,True,772.414153033754
A14,18,A34,A43,6070,A61,A75,3,A93,A101,4,A123,33,A143,A152,2,A173,1,A192,A201,0,male,6070.0,1092.6,3642.0,,False,
A14,10,A34,A42,2146,A61,A72,1,A92,A101,3,A121,23,A143,A151,2,A173,1,A191,A201,0,female,2146.0,214.6,1287.6,0.16764442890250547,True,-37.235461097343716
A14,60,A34,A40,13756,A65,A75,2,A93,A101,4,A124,63,A141,A153,1,A174,1,A192,A201,0,male,13756.0,8253.6,8253.6,0.25357500125501453,True,4067.7867392832245
A12,60,A31,A410,14782,A62,A75,3,A92,A101,4,A124,60,A141,A153,2,A174,1,A192,A201,1,female,14782.0,8869.199999999999,8869.199999999999,,False,
A11,48,A31,A49,7685,A61,A74,2,A92,A103,4,A123,37,A143,A151,1,A173,1,A191,A201,1,female,7685.0,3688.7999999999997,4611.0,0.49697003026818976,True,-435.9518572199213
A14,18,A33,A43,2320,A61,A71,2,A94,A101,3,A121,34,A143,A152,2,A173,1,A191,A201,0,male,2320.0,417.59999999999997,1392.0,,False,
A14,7,A33,A43,846,A65,A75,3,A93,A101,4,A124,36,A143,A153,1,A173,1,A191,A201,0,male,846.0,59.22,507.59999999999997,,False,
A12,36,A32,A40,14318,A61,A75,4,A93,A101,2,A124,57,A143,A153,1,A174,1,A192,A201,1,male,14318.0,5154.48,8590.8,0.7081714585977751,True,-4579.534986434825
A14,6,A34,A40,362,A62,A73,4,A92,A101,4,A123,52,A143,A152,2,A172,1,A191,A201,0,female,362.0,21.72,217.2,0.09245994715824686,True,-0.37053057504834186
A11,20,A32,A42,2212,A65,A74,4,A93,A101,4,A123,39,A143,A152,1,A173,1,A192,A201,0,male,2212.0,442.40000000000003,1327.2,,False,
A12,18,A32,A41,12976,A61,A71,3,A92,A101,4,A124,38,A143,A153,1,A174,1,A192,A201,1,female,12976.0,2335.68,7785.599999999999,,False,
A14,22,A32,A40,1283,A65,A74,4,A92,A101,4,A122,25,A143,A151,1,A173,1,A191,A201,0,female,1283.0,282.26,769.8,,False,
A13,12,A32,A40,1330,A61,A72,4,A93,A101,1,A121,26,A143,A152,1,A173,1,A191,A201,0,male,1330.0,159.6,798.0,0.3215394336804741,True,-148.306161692422
A14,30,A33,A49,4272,A62,A73,2,A93,A101,2,A122,26,A143,A152,2,A172,1,A191,A201,0,male,4272.0,1281.6,2563.2,,False,
A14,18,A34,A43,2238,A61,A73,2,A92,A101,1,A123,25,A143,A152,2,A173,1,A191,A201,0,female,2238.0,402.84000000000003,1342.8,,False,
A14,18,A32,A43,1126,A65,A72,4,A92,A101,2,A121,21,A143,A151,1,A173,1,A192,A201,0,female,1126.0,202.68,675.6,0.2024277370993781,True,24.891767060358205
A12,18,A34,A42,7374,A61,A71,4,A93,A101,4,A122,40,A142,A152,2,A174,1,A192,A201,0,male,7374.0,1327.32,4424.4,,False,
A12,15,A34,A49,2326,A63,A73,2,A93,A101,4,A123,27,A141,A152,1,A173,1,A191,A201,0,male,2326.0,348.9,1395.6,,False,
A14,9,A32,A49,1449,A61,A74,3,A92,A101,2,A123,27,A143,A152,2,A173,1,A191,A201,0,female,1449.0,130.41,869.4,0.08731776020799756,True,43.10883016644196
A14,18,A32,A40,1820,A61,A73,2,A94,A101,2,A122,30,A143,A152,1,A174,1,A192,A201,0,male,1820.0,327.6,1092.0,,False,
A12,12,A32,A42,983,A64,A72,1,A92,A101,4,A121,19,A143,A151,1,A172,1,A191,A201,0,female,983.0,117.96,589.8,,False,
A11,36,A32,A40,3249,A61,A74,2,A93,A101,4,A124,39,A141,A153,1,A174,2,A192,A201,0,male,3249.0,1169.6399999999999,1949.3999999999999,,False,
A11,6,A34,A43,1957,A61,A74,1,A92,A101,4,A123,31,A143,A152,1,A173,1,A191,A201,0,female,1957.0,117.42,1174.2,,False,
A14,9,A34,A42,2406,A61,A71,2,A93,A101,3,A123,31,A143,A152,1,A174,1,A191,A201,0,male,2406.0,216.53999999999996,1443.6,,False,
A12,39,A33,A46,11760,A62,A74,2,A93,A101,3,A124,32,A143,A151,1,A173,1,A192,A201,0,male,11760.0,4586.400000000001,7056.0,0.47260206240685554,True,-915.8222513655746
A11,12,A32,A42,2578,A61,A71,3,A92,A101,4,A124,55,A143,A153,1,A174,1,A191,A201,0,female,2578.0,309.36,1546.8,,False,
A11,36,A34,A42,2348,A61,A73,3,A94,A101,2,A122,46,A143,A152,2,A173,1,A192,A201,0,male,2348.0,845.28,1408.8,,False,
A12,12,A32,A40,1223,A61,A75,1,A91,A101,1,A121,46,A143,A151,2,A173,1,A191,A201,1,male,1223.0,146.76,733.8,,False,
A14,24,A34,A43,1516,A64,A73,4,A92,A101,1,A121,43,A143,A152,2,A172,1,A191,A201,0,female,1516.0,363.84,909.6,,False,
A14,18,A32,A43,1473,A61,A72,3,A94,A101,4,A121,39,A143,A152,1,A173,1,A192,A201,0,male,1473.0,265.14,883.8,,False,
A12,18,A34,A49,1887,A65,A73,4,A94,A101,4,A121,28,A141,A152,2,A173,1,A191,A201,0,male,1887.0,339.65999999999997,1132.2,0.28746754071155123,True,-83.45197447170386
A14,24,A33,A49,8648,A61,A72,2,A93,A101,2,A123,27,A141,A152,2,A173,1,A192,A201,1,male,8648.0,2075.52,5188.8,,False,
A14,14,A33,A40,802,A61,A73,4,A93,A101,2,A123,27,A143,A152,2,A172,1,A191,A201,0,male,802.0,112.28,481.2,,False,
A12,18,A33,A40,2899,A65,A75,4,A93,A101,4,A123,43,A143,A152,1,A173,2,A191,A201,0,male,2899.0,521.8199999999999,1739.3999999999999,0.17629736723934264,True,123.17286725105356
A12,24,A32,A43,2039,A61,A72,1,A94,A101,1,A122,22,A143,A152,1,A173,1,A192,A201,1,male,2039.0,489.35999999999996,1223.3999999999999,,False,
A14,24,A34,A41,2197,A65,A74,4,A93,A101,4,A123,43,A143,A152,2,A173,2,A192,A201,0,male,2197.0,527.28,1318.2,,False,
A11,15,A32,A43,1053,A61,A72,4,A94,A101,2,A121,27,A143,A152,1,A173,1,A191,A202,0,male,1053.0,157.95,631.8,,False,
A14,24,A32,A43,3235,A63,A75,3,A91,A101,2,A123,26,A143,A152,1,A174,1,A192,A201,0,male,3235.0,776.4,1941.0,,False,
A13,12,A34,A40,939,A63,A74,4,A94,A101,2,A121,28,A143,A152,3,A173,1,A192,A201,1,male,939.0,112.67999999999999,563.4,,False,
A12,24,A32,A43,1967,A61,A75,4,A92,A101,4,A123,20,A143,A152,1,A173,1,A192,A201,0,female,1967.0,472.08,1180.2,,False,
A14,33,A34,A41,7253,A61,A74,3,A93,A101,2,A123,35,A143,A152,2,A174,1,A192,A201,0,male,7253.0,2393.4900000000002,4351.8,,False,
A14,12,A34,A49,2292,A61,A71,4,A93,A101,2,A123,42,A142,A152,2,A174,1,A192,A201,1,male,2292.0,275.03999999999996,1375.2,0.1620170108799071,True,7.673047965542082
A14,10,A32,A40,1597,A63,A73,3,A93,A101,2,A124,40,A143,A151,1,A172,2,A191,A202,0,male,1597.0,159.7,958.1999999999999,,False,
A11,24,A32,A40,1381,A65,A73,4,A92,A101,2,A122,35,A143,A152,1,A173,1,A191,A201,1,female,1381.0,331.44,828.6,,False,
A14,36,A34,A41,5842,A61,A75,2,A93,A101,2,A122,35,A143,A152,2,A173,2,A192,A201,0,male,5842.0,2103.12,3505.2,,False,
A11,12,A32,A40,2579,A61,A72,4,A93,A101,1,A121,33,A143,A152,1,A172,2,A191,A201,1,male,2579.0,309.47999999999996,1547.3999999999999,,False,
A11,18,A33,A46,8471,A65,A73,1,A92,A101,2,A123,23,A143,A151,2,A173,1,A192,A201,0,female,8471.0,1524.78,5082.599999999999,,False,
A14,21,A32,A40,2782,A63,A74,1,A92,A101,2,A123,31,A141,A152,1,A174,1,A191,A201,0,female,2782.0,584.2199999999999,1669.2,,False,
A12,18,A32,A40,1042,A65,A73,4,A92,A101,2,A122,33,A143,A152,1,A173,1,A191,A201,1,female,1042.0,187.56,625.1999999999999,,False,
A14,15,A32,A40,3186,A64,A74,2,A92,A101,3,A123,20,A143,A151,1,A173,1,A191,A201,0,female,3186.0,477.9,1911.6,,False,
A12,12,A32,A41,2028,A65,A73,4,A93,A101,2,A123,30,A143,A152,1,A173,1,A191,A201,0,male,2028.0,243.35999999999999,1216.8,,False,
A12,12,A34,A40,958,A61,A74,2,A93,A101,3,A121,47,A143,A152,2,A172,2,A191,A201,0,male,958.0,114.96,574.8,,False,
A14,21,A33,A42,1591,A62,A74,4,A93,A101,3,A121,34,A143,A152,2,A174,1,A191,A201,0,male,1591.0,334.10999999999996,954.5999999999999,0.10330478175912639,True,200.9800946991962
A12,12,A32,A42,2762,A65,A75,1,A92,A101,2,A122,25,A141,A152,1,A173,1,A192,A201,1,female,2762.0,331.44,1657.2,,False,
A12,18,A32,A41,2779,A61,A73,1,A94,A101,3,A123,21,A143,A151,1,A173,1,A192,A201,0,male,2779.0,500.2199999999999,1667.3999999999999,,False,
A14,28,A34,A43,2743,A61,A75,4,A93,A101,2,A123,29,A143,A152,2,A173,1,A191,A201,0,male,2743.0,768.04,1645.8,,False,
A14,18,A34,A43,1149,A64,A73,4,A93,A101,3,A121,46,A143,A152,2,A173,1,A191,A201,0,male,1149.0,206.82,689.4,,False,
A14,9,A32,A42,1313,A61,A75,1,A93,A101,4,A123,20,A143,A152,1,A173,1,A191,A201,0,male,1313.0,118.17,787.8,,False,
A11,18,A34,A45,1190,A61,A71,2,A92,A101,4,A124,55,A143,A153,3,A171,2,A191,A201,1,female,1190.0,214.2,714.0,,False,
A14,5,A32,A49,3448,A61,A74,1,A93,A101,4,A121,74,A143,A152,1,A172,1,A191,A201,0,male,3448.0,172.4,2068.7999999999997,0.08235624686070596,True,-12.17682046421416
A12,24,A32,A410,11328,A61,A73,2,A93,A102,3,A123,29,A141,A152,2,A174,1,A192,A201,1,male,11328.0,2718.72,6796.8,0.5052157790023097,True,-2088.6708494120585
A11,6,A34,A42,1872,A61,A71,4,A93,A101,4,A124,36,A143,A153,3,A174,1,A192,A201,0,male,1872.0,112.32,1123.2,,False,
A14,24,A34,A45,2058,A61,A73,4,A91,A101,2,A121,33,A143,A152,2,A173,1,A192,A201,0,male,2058.0,493.91999999999996,1234.8,0.12253002740004224,True,282.0998910329989
A11,9,A32,A42,2136,A61,A73,3,A93,A101,2,A121,25,A143,A152,1,A173,1,A191,A201,0,male,2136.0,192.24,1281.6,,False,
A12,12,A32,A43,1484,A65,A73,2,A94,A101,1,A121,25,A143,A152,1,A173,1,A192,A201,1,male,1484.0,178.07999999999998,890.4,0.16879059932678736,True,-2.269379568685764
A14,6,A32,A45,660,A63,A74,2,A94,A101,4,A121,23,A143,A151,1,A172,1,A191,A201,0,male,660.0,39.6,396.0,0.11161848919394075,True,-9.021013892880589
A14,24,A34,A40,1287,A64,A75,4,A92,A101,4,A121,37,A143,A152,2,A173,1,A192,A201,0,female,1287.0,308.88,772.1999999999999,,False,
A11,42,A34,A45,3394,A61,A71,4,A93,A102,4,A123,65,A143,A152,2,A171,1,A191,A201,0,male,3394.0,1425.48,2036.3999999999999,,False,
A13,12,A31,A49,609,A61,A72,4,A92,A101,1,A121,26,A143,A152,1,A171,1,A191,A201,1,female,609.0,73.08,365.4,,False,
A14,12,A32,A40,1884,A61,A75,4,A93,A101,4,A123,39,A143,A152,1,A174,1,A192,A201,0,male,1884.0,226.07999999999998,1130.3999999999999,,False,
A11,12,A32,A42,1620,A61,A73,2,A92,A102,3,A122,30,A143,A152,1,A173,1,A191,A201,0,female,1620.0,194.4,972.0,,False,
A12,20,A33,A410,2629,A61,A73,2,A93,A101,3,A123,29,A141,A152,2,A173,1,A192,A201,0,male,2629.0,525.8,1577.3999999999999,,False,
A14,12,A32,A46,719,A61,A75,4,A93,A101,4,A123,41,A141,A152,1,A172,2,A191,A201,1,male,719.0,86.28,431.4,,False,
A12,48,A34,A42,5096,A61,A73,2,A92,A101,3,A123,30,A143,A152,1,A174,1,A192,A201,1,female,5096.0,2446.08,3057.6,,False,
A14,9,A34,A46,1244,A65,A75,4,A92,A101,4,A122,41,A143,A151,2,A172,1,A191,A201,0,female,1244.0,111.96000000000001,746.4,,False,
A11,36,A32,A40,1842,A61,A72,4,A92,A101,4,A123,34,A143,A152,1,A173,1,A192,A201,1,female,1842.0,663.12,1105.2,,False,
A12,7,A32,A43,2576,A61,A73,2,A93,A103,2,A121,35,A143,A152,1,A173,1,A191,A201,0,male,2576.0,180.32000000000002,1545.6,0.10514050945136946,True,-1.1441080723075459
A13,12,A32,A42,1424,A65,A75,3,A92,A101,4,A121,55,A143,A152,1,A174,1,A192,A201,0,female,1424.0,170.88,854.4,0.18296997751824265,True,-16.715458549903815
A12,15,A33,A45,1512,A64,A73,3,A94,A101,3,A122,61,A142,A152,2,A173,1,A191,A201,1,male,1512.0,226.8,907.1999999999999,,False,
A14,36,A34,A41,11054,A65,A73,4,A93,A101,2,A123,30,A143,A152,1,A174,1,A192,A201,0,male,11054.0,3979.44,6632.4,,False,
A14,6,A32,A43,518,A61,A73,3,A92,A101,1,A121,29,A143,A152,1,A173,1,A191,A201,0,female,518.0,31.08,310.8,,False,
A14,12,A30,A42,2759,A61,A75,2,A93,A101,4,A122,34,A143,A152,2,A173,1,A191,A201,0,male,2759.0,331.08,1655.3999999999999,,False,
A14,24,A32,A41,2670,A61,A75,4,A93,A101,4,A123,35,A143,A152,1,A174,1,A192,A201,0,male,2670.0,640.8,1602.0,,False,
A11,24,A32,A40,4817,A61,A74,2,A93,A102,3,A122,31,A143,A152,1,A173,1,A192,A201,1,male,4817.0,1156.08,2890.2,,False,
A14,24,A32,A41,2679,A61,A72,4,A92,A101,1,A124,29,A143,A152,1,A174,1,A192,A201,0,female,2679.0,642.9599999999999,1607.3999999999999,0.15203801357127256,True,300.8197357797511
A11,11,A34,A40,3905,A61,A73,2,A93,A101,2,A121,36,A143,A151,2,A173,2,A191,A201,0,male,3905.0,429.54999999999995,2343.0,,False,
A11,12,A32,A41,3386,A61,A75,3,A93,A101,4,A124,35,A143,A153,1,A173,1,A192,A201,1,male,3386.0,406.32,2031.6,,False,
A11,6,A32,A44,343,A61,A72,4,A92,A101,1,A121,27,A143,A152,1,A173,1,A191,A201,0,female,343.0,20.58,205.79999999999998,,False,
A14,18,A32,A43,4594,A61,A72,3,A93,A101,2,A123,32,A143,A152,1,A173,1,A192,A201,0,male,4594.0,826.92,2756.4,,False,
A11,36,A32,A42,3620,A61,A73,1,A93,A103,2,A122,37,A143,A152,1,A173,2,A191,A201,0,male,3620.0,1303.1999999999998,2172.0,,False,
A11,15,A32,A40,1721,A61,A72,2,A93,A101,3,A121,36,A143,A152,1,A173,1,A191,A201,0,male,1721.0,258.15,1032.6,,False,
A12,12,A32,A42,3017,A61,A72,3,A92,A101,1,A121,34,A143,A151,1,A174,1,A191,A201,0,female,3017.0,362.03999999999996,1810.2,,False,
A12,12,A32,A48,754,A65,A75,4,A93,A101,4,A122,38,A143,A152,2,A173,1,A191,A201,0,male,754.0,90.47999999999999,452.4,0.3411201715869812,True,-94.70731875114035
A14,18,A32,A49,1950,A61,A74,4,A93,A101,1,A123,34,A142,A152,2,A173,1,A192,A201,0,male,1950.0,351.0,1170.0,,False,
A11,24,A32,A41,2924,A61,A73,3,A93,A103,4,A124,63,A141,A152,1,A173,2,A192,A201,0,male,2924.0,701.76,1754.3999999999999,0.5357202773319208,True,-614.0547163715706
A11,24,A33,A43,1659,A61,A72,4,A92,A101,2,A123,29,A143,A151,1,A172,1,A192,A201,1,female,1659.0,398.15999999999997,995.4,,False,
A14,48,A33,A43,7238,A65,A75,3,A93,A101,3,A123,32,A141,A152,2,A173,2,A191,A201,0,male,7238.0,3474.24,4342.8,,False,
A14,33,A33,A49,2764,A61,A73,2,A92,A101,2,A123,26,A143,A152,2,A173,1,A192,A201,0,female,2764.0,912.12,1658.3999999999999,,False,
A14,24,A33,A41,4679,A61,A74,3,A93,A101,3,A123,35,A143,A152,2,A172,1,A192,A201,0,male,4679.0,1122.96,2807.4,,False,
A12,24,A32,A43,3092,A62,A72,3,A94,A101,2,A123,22,A143,A151,1,A173,1,A192,A201,1,male,3092.0,742.0799999999999,1855.1999999999998,,False,
A11,6,A32,A46,448,A61,A72,4,A92,A101,4,A122,23,A143,A152,1,A173,1,A191,A201,1,female,448.0,26.88,268.8,,False,
A11,9,A32,A40,654,A61,A73,4,A93,A101,3,A123,28,A143,A152,1,A172,1,A191,A201,1,male,654.0,58.86,392.4,,False,
A14,6,A32,A48,1238,A65,A71,4,A93,A101,4,A122,36,A143,A152,1,A174,2,A192,A201,0,male,1238.0,74.28,742.8,0.09844333689369313,True,-6.156081709098771
A12,18,A34,A43,1245,A61,A73,4,A94,A101,2,A123,33,A143,A152,1,A173,1,A191,A201,1,male,1245.0,224.10000000000002,747.0,,False,
A11,18,A30,A42,3114,A61,A72,1,A92,A101,4,A122,26,A143,A151,1,A173,1,A191,A201,1,female,3114.0,560.52,1868.3999999999999,0.5020926716933647,True,-659.0229321294473
A14,39,A32,A41,2569,A63,A73,4,A93,A101,4,A123,24,A143,A152,1,A173,1,A191,A201,0,male,2569.0,1001.9099999999999,1541.3999999999999,,False,
A13,24,A32,A43,5152,A61,A74,4,A93,A101,2,A123,25,A141,A152,1,A173,1,A191,A201,0,male,5152.0,1236.48,3091.2,0.481415128925884,True,-846.9306251499695
A12,12,A32,A49,1037,A62,A74,3,A93,A101,4,A121,39,A143,A152,1,A172,1,A191,A201,0,male,1037.0,124.44,622.1999999999999,,False,
A11,15,A34,A42,1478,A61,A75,4,A93,A101,4,A123,44,A143,A152,2,A173,2,A192,A201,0,male,1478.0,221.7,886.8,0.1939780075936309,True,6.675378582460155
A12,12,A34,A43,3573,A61,A73,1,A92,A101,1,A121,23,A143,A152,1,A172,1,A191,A201,0,female,3573.0,428.76,2143.7999999999997,0.19129752897217633,True,-63.364371132661915
A12,24,A32,A40,1201,A61,A72,4,A93,A101,1,A122,26,A143,A152,1,A173,1,A191,A201,0,male,1201.0,288.24,720.6,,False,
A11,30,A32,A42,3622,A64,A75,4,A92,A101,4,A122,57,A143,A151,2,A173,1,A192,A201,0,female,3622.0,1086.6,2173.2,,False,
A14,15,A33,A42,960,A64,A74,3,A92,A101,2,A122,30,A143,A152,2,A173,1,A191,A201,0,female,960.0,144.0,576.0,,False,
A14,12,A34,A40,1163,A63,A73,4,A93,A101,4,A121,44,A143,A152,1,A173,1,A192,A201,0,male,1163.0,139.56,697.8,,False,
A12,6,A33,A40,1209,A61,A71,4,A93,A101,4,A122,47,A143,A152,1,A174,1,A192,A201,1,male,1209.0,72.53999999999999,725.4,0.22345506092856077,True,-105.76373131733578
A14,12,A32,A43,3077,A61,A73,2,A93,A101,4,A123,52,A143,A152,1,A173,1,A192,A201,0,male,3077.0,369.24,1846.1999999999998,,False,
A14,24,A32,A40,3757,A61,A75,4,A92,A102,4,A124,62,A143,A153,1,A173,1,A192,A201,0,female,3757.0,901.68,2254.2,,False,
A14,10,A32,A40,1418,A62,A73,3,A93,A101,2,A121,35,A143,A151,1,A172,1,A191,A202,0,male,1418.0,141.8,850.8,,False,
A14,6,A32,A40,3518,A61,A73,2,A93,A103,3,A122,26,A143,A151,1,A173,1,A191,A201,0,male,3518.0,211.07999999999998,2110.7999999999997,,False,
A14,12,A34,A43,1934,A61,A75,2,A93,A101,2,A124,26,A143,A152,2,A173,1,A191,A201,0,male,1934.0,232.07999999999998,1160.3999999999999,,False,
A12,27,A30,A49,8318,A61,A75,2,A92,A101,4,A124,42,A143,A153,2,A174,1,A192,A201,1,female,8318.0,2245.86,4990.8,,False,
A14,6,A34,A43,1237,A62,A73,1,A92,A101,1,A122,27,A143,A152,2,A173,1,A191,A201,0,female,1237.0,74.22,742.1999999999999,0.07972102708979582,True,9.134159063348896
A12,6,A32,A43,368,A65,A75,4,A93,A101,4,A122,38,A143,A152,1,A173,1,A191,A201,0,male,368.0,22.08,220.79999999999998,,False,
A11,12,A34,A40,2122,A61,A73,3,A93,A101,2,A121,39,A143,A151,2,A172,2,A191,A202,0,male,2122.0,254.64,1273.2,,False,
A11,24,A32,A42,2996,A65,A73,2,A94,A101,4,A123,20,A143,A152,1,A173,1,A191,A201,1,male,2996.0,719.04,1797.6,,False,
A12,36,A32,A42,9034,A62,A72,4,A93,A102,1,A124,29,A143,A151,1,A174,1,A192,A201,1,male,9034.0,3252.24,5420.4,,False,
A14,24,A34,A42,1585,A61,A74,4,A93,A101,3,A122,40,A143,A152,2,A173,1,A191,A201,0,male,1585.0,380.4,951.0,,False,
A12,18,A32,A43,1301,A61,A75,4,A94,A103,2,A121,32,A143,A152,1,A172,1,A191,A201,0,male,1301.0,234.18,780.6,,False,
A13,6,A34,A40,1323,A62,A75,2,A91,A101,4,A123,28,A143,A152,2,A173,2,A192,A201,0,male,1323.0,79.38,793.8,,False,
A11,24,A32,A40,3123,A61,A72,4,A92,A101,1,A122,27,A143,A152,1,A173,1,A191,A201,1,female,3123.0,749.52,1873.8,,False,
A11,36,A32,A41,5493,A61,A75,2,A93,A101,4,A124,42,A143,A153,1,A173,2,A191,A201,0,male,5493.0,1977.48,3295.7999999999997,,False,
A13,9,A32,A43,1126,A62,A75,2,A91,A101,4,A121,49,A143,A152,1,A173,1,A191,A201,0,male,1126.0,101.34,675.6,,False,
A12,24,A34,A43,1216,A62,A72,4,A93,A101,4,A124,38,A141,A152,2,A173,2,A191,A201,1,male,1216.0,291.84,729.6,0.31471750842430257,True,-29.62505180491965
A11,24,A32,A40,1207,A61,A72,4,A92,A101,4,A122,24,A143,A151,1,A173,1,A191,A201,1,female,1207.0,289.68,724.1999999999999,,False,
A14,10,A32,A40,1309,A65,A73,4,A93,A103,4,A122,27,A143,A152,1,A172,1,A191,A201,1,male,1309.0,130.9,785.4,,False,
A13,15,A34,A41,2360,A63,A73,2,A93,A101,2,A123,36,A143,A152,1,A173,1,A192,A201,0,male,2360.0,354.0,1416.0,0.11245339387926925,True,154.95749283369344
A12,15,A31,A40,6850,A62,A71,1,A93,A101,2,A122,34,A143,A152,1,A174,2,A192,A201,1,male,6850.0,1027.5,4110.0,,False,
A14,24,A32,A43,1413,A61,A73,4,A94,A101,2,A122,28,A143,A152,1,A173,1,A191,A201,0,male,1413.0,339.12,847.8,,False,
A14,39,A32,A41,8588,A62,A75,4,A93,A101,2,A123,45,A143,A152,1,A174,1,A192,A201,0,male,8588.0,3349.3199999999997,5152.8,,False,
A11,12,A32,A40,759,A61,A74,4,A93,A101,2,A121,26,A143,A152,1,A173,1,A191,A201,1,male,759.0,91.08,455.4,0.5021800723566509,True,-183.35136594146255
A14,36,A32,A41,4686,A61,A73,2,A93,A101,2,A124,32,A143,A153,1,A174,1,A192,A201,0,male,4686.0,1686.9599999999998,2811.6,,False,
A13,15,A32,A49,2687,A61,A74,2,A93,A101,4,A122,26,A143,A151,1,A173,1,A192,A201,0,male,2687.0,403.05,1612.2,,False,
A12,12,A33,A43,585,A61,A73,4,A94,A102,4,A121,20,A143,A151,2,A173,1,A191,A201,0,male,585.0,70.2,351.0,0.3505786851543805,True,-77.46374218702506
A14,24,A32,A40,2255,A65,A72,4,A93,A101,1,A122,54,A143,A152,1,A173,1,A191,A201,0,male,2255.0,541.1999999999999,1353.0,0.1177025928847828,True,318.2477485576444
A11,6,A34,A40,609,A61,A74,4,A92,A101,3,A122,37,A143,A152,2,A173,1,A191,A202,0,female,609.0,36.54,365.4,0.21752462453653978,True,-50.8918475862168
A11,6,A34,A40,1361,A61,A72,2,A93,A101,4,A121,40,A143,A152,1,A172,2,A191,A202,0,male,1361.0,81.66,816.6,,False,
A14,36,A34,A42,7127,A61,A72,2,A92,A101,4,A122,23,A143,A151,2,A173,1,A192,A201,1,female,7127.0,2565.7200000000003,4276.2,,False,
A11,6,A32,A40,1203,A62,A75,3,A93,A101,2,A122,43,A143,A152,1,A173,1,A192,A201,0,male,1203.0,72.17999999999999,721.8,,False,
A14,6,A34,A43,700,A65,A75,4,A93,A101,4,A124,36,A143,A153,2,A173,1,A191,A201,0,male,700.0,42.0,420.0,0.08442709025999211,True,2.9946842998836516
A14,24,A34,A45,5507,A61,A75,3,A93,A101,4,A124,44,A143,A153,2,A173,1,A191,A201,0,male,5507.0,1321.68,3304.2,,False,
A11,18,A32,A43,3190,A61,A73,2,A92,A101,2,A121,24,A143,A152,1,A173,1,A191,A201,1,female,3190.0,574.2,1914.0,,False,
A11,48,A30,A42,7119,A61,A73,3,A93,A101,4,A124,53,A143,A153,2,A173,2,A191,A201,1,male,7119.0,3417.12,4271.4,0.7046960861541393,True,-2000.9499523178224
A14,24,A32,A41,3488,A62,A74,3,A92,A101,4,A123,23,A143,A152,1,A173,1,A191,A201,0,female,3488.0,837.12,2092.7999999999997,0.09775579328638405,True,550.7033461343576
A12,18,A32,A43,1113,A61,A73,4,A92,A103,4,A121,26,A143,A152,1,A172,2,A191,A201,0,female,1113.0,200.34,667.8,0.363621035732662,True,-115.3339659609532
A12,26,A32,A41,7966,A61,A72,2,A93,A101,3,A123,30,A143,A152,2,A173,1,A191,A201,0,male,7966.0,2071.16,4779.599999999999,,False,
A14,15,A34,A46,1532,A62,A73,4,A92,A101,3,A123,31,A143,A152,1,A173,1,A191,A201,0,female,1532.0,229.8,919.1999999999999,,False,
A14,4,A34,A43,1503,A61,A74,2,A93,A101,1,A121,42,A143,A152,2,A172,2,A191,A201,0,male,1503.0,60.11999999999999,901.8,,False,
A11,36,A32,A43,2302,A61,A73,4,A91,A101,4,A123,31,A143,A151,1,A173,1,A191,A201,1,male,2302.0,828.72,1381.2,0.7755769653727278,True,-885.2430473164986
A11,6,A32,A40,662,A61,A72,3,A93,A101,4,A121,41,A143,A152,1,A172,2,A192,A201,0,male,662.0,39.72,397.2,,False,
A12,36,A32,A46,2273,A61,A74,3,A93,A101,1,A123,32,A143,A152,2,A173,2,A191,A201,0,male,2273.0,818.28,1363.8,0.5351461623207738,True,-349.45173787691414
A12,15,A32,A40,2631,A62,A73,2,A92,A101,4,A123,28,A143,A151,2,A173,1,A192,A201,1,female,2631.0,394.65,1578.6,,False,
A14,12,A33,A41,1503,A61,A73,4,A94,A101,4,A121,41,A143,A151,1,A173,1,A191,A201,0,male,1503.0,180.35999999999999,901.8,0.1651399413832189,True,1.652161032735819
A14,24,A32,A43,1311,A62,A74,4,A94,A101,3,A122,26,A143,A152,1,A173,1,A192,A201,0,male,1311.0,314.64,786.6,0.09127732055758603,True,214.1217635091639
A14,24,A32,A43,3105,A65,A72,4,A93,A101,2,A123,25,A143,A152,2,A173,1,A191,A201,0,male,3105.0,745.1999999999999,1863.0,0.18396780448200972,True,265.3751723500223
A13,21,A34,A46,2319,A61,A72,2,A91,A101,1,A123,33,A143,A151,1,A173,1,A191,A201,1,male,2319.0,486.98999999999995,1391.3999999999999,,False,
A11,6,A32,A40,1374,A65,A71,4,A92,A101,3,A122,75,A143,A152,1,A174,1,A192,A201,0,female,1374.0,82.44,824.4,,False,
A12,18,A34,A42,3612,A61,A75,3,A92,A101,4,A122,37,A143,A152,1,A173,1,A192,A201,0,female,3612.0,650.16,2167.2,0.2075841990149391,True,65.32058106327116
A11,48,A32,A40,7763,A61,A75,4,A93,A101,4,A124,42,A141,A153,1,A174,1,A191,A201,1,male,7763.0,3726.24,4657.8,,False,
A13,18,A32,A42,3049,A61,A72,1,A92,A101,1,A122,45,A142,A152,1,A172,1,A191,A201,0,female,3049.0,548.8199999999999,1829.3999999999999,,False,
A12,12,A32,A43,1534,A61,A72,1,A94,A101,1,A121,23,A143,A151,1,A173,1,A191,A201,1,male,1534.0,184.07999999999998,920.4,,False,
A14,24,A33,A40,2032,A61,A75,4,A93,A101,4,A124,60,A143,A153,2,A173,1,A192,A201,0,male,2032.0,487.68,1219.2,0.24396697777631307,True,71.25764497316675
A11,30,A32,A42,6350,A65,A75,4,A93,A101,4,A122,31,A143,A152,1,A173,1,A191,A201,1,male,6350.0,1905.0,3810.0,0.3768540584115132,True,-248.72094382179785
A13,18,A32,A42,2864,A61,A73,2,A93,A101,1,A121,34,A143,A152,1,A172,2,A191,A201,1,male,2864.0,515.52,1718.3999999999999,,False,
A14,12,A34,A40,1255,A61,A75,4,A93,A101,4,A121,61,A143,A152,2,A172,1,A191,A201,0,male,1255.0,150.6,753.0,0.07847291347471422,True,79.69187538424822
A11,24,A33,A40,1333,A61,A71,4,A93,A101,2,A121,43,A143,A153,2,A173,2,A191,A201,1,male,1333.0,319.92,799.8,,False,
A14,24,A34,A40,2022,A61,A73,4,A92,A101,4,A123,37,A143,A152,1,A173,1,A192,A201,0,female,2022.0,485.28,1213.2,,False,
A14,24,A32,A43,1552,A61,A74,3,A93,A101,1,A123,32,A141,A152,1,A173,2,A191,A201,0,male,1552.0,372.47999999999996,931.1999999999999,0.22506443347124327,True,79.06799937220958
A11,12,A31,A43,626,A61,A73,4,A92,A101,4,A121,24,A141,A152,1,A172,1,A191,A201,1,female,626.0,75.11999999999999,375.59999999999997,0.36425092142894616,True,-89.05517530645461
A14,48,A34,A41,8858,A65,A74,2,A93,A101,1,A124,35,A143,A153,2,A173,1,A192,A201,0,male,8858.0,4251.84,5314.8,,False,
A14,12,A34,A45,996,A65,A74,4,A92,A101,4,A121,23,A143,A152,2,A173,1,A191,A201,0,female,996.0,119.52,597.6,,False,
A14,6,A31,A43,1750,A63,A75,2,A93,A101,4,A122,45,A141,A152,1,A172,2,A191,A201,0,male,1750.0,105.0,1050.0,0.2617843516423536,True,-197.36092614691842
A11,48,A32,A43,6999,A61,A74,1,A94,A103,1,A121,34,A143,A152,2,A173,1,A192,A201,1,male,6999.0,3359.52,4199.4,,False,
A12,12,A34,A40,1995,A62,A72,4,A93,A101,1,A123,27,A143,A152,1,A173,1,A191,A201,0,male,1995.0,239.39999999999998,1197.0,,False,
A12,9,A32,A46,1199,A61,A74,4,A92,A101,4,A122,67,A143,A152,2,A174,1,A192,A201,0,female,1199.0,107.91,719.4,,False,
A12,12,A32,A43,1331,A61,A72,2,A93,A101,1,A123,22,A142,A152,1,A173,1,A191,A201,1,male,1331.0,159.72,798.6,,False,
A12,18,A30,A40,2278,A62,A72,3,A92,A101,3,A123,28,A143,A152,2,A173,1,A191,A201,1,female,2278.0,410.04,1366.8,,False,
A14,21,A30,A40,5003,A65,A73,1,A92,A101,4,A122,29,A141,A152,2,A173,1,A192,A201,1,female,5003.0,1050.63,3001.7999999999997,,False,
A11,24,A31,A42,3552,A61,A74,3,A93,A101,4,A123,27,A141,A152,1,A173,1,A191,A201,1,male,3552.0,852.48,2131.2,,False,
A12,18,A34,A42,1928,A61,A72,2,A93,A101,2,A121,31,A143,A152,2,A172,1,A191,A201,1,male,1928.0,347.03999999999996,1156.8,,False,
A11,24,A32,A41,2964,A65,A75,4,A93,A101,4,A124,49,A141,A153,1,A173,2,A192,A201,0,male,2964.0,711.36,1778.3999999999999,0.4149298708889007,True,-321.7157953443493
A11,24,A31,A43,1546,A61,A74,4,A93,A103,4,A123,24,A141,A151,1,A172,1,A191,A201,1,male,1546.0,371.03999999999996,927.5999999999999,,False,
A13,6,A33,A43,683,A61,A72,2,A92,A101,1,A122,29,A141,A152,1,A173,1,A191,A201,0,female,683.0,40.98,409.8,0.2915778499572722,True,-90.45746320373917
A12,36,A32,A40,12389,A65,A73,1,A93,A101,4,A124,37,A143,A153,1,A173,1,A192,A201,1,male,12389.0,4460.039999999999,7433.4,0.2893184684726579,True,1019.0481543285505
A12,24,A33,A49,4712,A65,A73,4,A93,A101,2,A122,37,A141,A152,2,A174,1,A192,A201,0,male,4712.0,1130.8799999999999,2827.2,0.26889259855804964,True,66.58158349935479
A12,24,A33,A43,1553,A62,A74,3,A92,A101,2,A122,23,A143,A151,2,A173,1,A192,A201,0,female,1553.0,372.71999999999997,931.8,,False,
A11,12,A32,A40,1372,A61,A74,2,A91,A101,3,A123,36,A143,A152,1,A173,1,A191,A201,1,male,1372.0,164.64,823.1999999999999,,False,
A14,24,A34,A43,2578,A64,A75,2,A93,A101,2,A123,34,A143,A152,1,A173,1,A191,A201,0,male,2578.0,618.72,1546.8,,False,
A12,48,A32,A43,3979,A65,A74,4,A93,A101,1,A123,41,A143,A152,2,A173,2,A192,A201,0,male,3979.0,1909.9199999999998,2387.4,,False,
A11,48,A32,A43,6758,A61,A73,3,A92,A101,2,A123,31,A143,A152,1,A173,1,A192,A201,1,female,6758.0,3243.8399999999997,4054.7999999999997,,False,
A11,24,A32,A42,3234,A61,A72,4,A92,A101,4,A121,23,A143,A151,1,A172,1,A192,A201,1,female,3234.0,776.16,1940.3999999999999,0.6545200059096726,True,-1001.8828672539802
A14,30,A34,A43,5954,A61,A74,3,A93,A102,2,A123,38,A143,A152,1,A173,1,A191,A201,0,male,5954.0,1786.2,3572.4,0.06620625453004833,True,1431.427164475283
A14,24,A32,A41,5433,A65,A71,2,A92,A101,4,A122,26,A143,A151,1,A174,1,A192,A201,0,female,5433.0,1303.9199999999998,3259.7999999999997,,False,
A11,15,A32,A49,806,A61,A73,4,A92,A101,4,A122,22,A143,A152,1,A172,1,A191,A201,0,female,806.0,120.9,483.59999999999997,,False,
A12,9,A32,A43,1082,A61,A75,4,A93,A101,4,A123,27,A143,A152,2,A172,1,A191,A201,0,male,1082.0,97.38,649.1999999999999,,False,
A14,15,A34,A42,2788,A61,A74,2,A92,A102,3,A123,24,A141,A152,2,A173,1,A191,A201,0,female,2788.0,418.2,1672.8,0.21583696896357973,True,-33.11510210284524
A12,12,A32,A43,2930,A61,A74,2,A92,A101,1,A121,27,A143,A152,1,A173,1,A191,A201,0,female,2930.0,351.59999999999997,1758.0,,False,
A14,24,A34,A46,1927,A65,A73,3,A92,A101,2,A123,33,A143,A152,2,A173,1,A192,A201,0,female,1927.0,462.47999999999996,1156.2,,False,
A12,36,A34,A40,2820,A61,A72,4,A91,A101,4,A123,27,A143,A152,2,A173,1,A191,A201,1,male,2820.0,1015.1999999999999,1692.0,0.44108562388700595,True,-178.90700098690263
A14,24,A32,A48,937,A61,A72,4,A94,A101,3,A123,27,A143,A152,2,A172,1,A191,A201,0,male,937.0,224.88,562.1999999999999,0.21231822699899258,True,57.768569893632915
A12,18,A34,A40,1056,A61,A75,3,A93,A103,3,A121,30,A141,A152,2,A173,1,A191,A201,1,male,1056.0,190.07999999999998,633.6,,False,
A12,12,A34,A40,3124,A61,A72,1,A93,A101,3,A121,49,A141,A152,2,A172,2,A191,A201,0,male,3124.0,374.88,1874.3999999999999,,False,
A14,9,A32,A42,1388,A61,A73,4,A92,A101,2,A121,26,A143,A151,1,A173,1,A191,A201,0,female,1388.0,124.92,832.8,0.18965786668113638,True,-56.719132077857935
A12,36,A32,A45,2384,A61,A72,4,A93,A101,1,A124,33,A143,A151,1,A172,1,A191,A201,1,male,2384.0,858.24,1430.3999999999999,,False,
A14,12,A32,A40,2133,A65,A75,4,A92,A101,4,A124,52,A143,A153,1,A174,1,A192,A201,0,female,2133.0,255.95999999999998,1279.8,,False,
A11,18,A32,A42,2039,A61,A73,1,A92,A101,4,A121,20,A141,A151,1,A173,1,A191,A201,1,female,2039.0,367.02,1223.3999999999999,,False,
A11,9,A34,A40,2799,A61,A73,2,A93,A101,2,A121,36,A143,A151,2,A173,2,A191,A201,0,male,2799.0,251.91,1679.3999999999999,,False,
A11,12,A32,A42,1289,A61,A73,4,A93,A103,1,A122,21,A143,A152,1,A172,1,A191,A201,0,male,1289.0,154.68,773.4,0.19318207132940637,True,-24.608416759395453
A11,18,A32,A44,1217,A61,A73,4,A94,A101,3,A121,47,A143,A152,1,A172,1,A192,A201,1,male,1217.0,219.06,730.1999999999999,,False,
A11,12,A34,A42,2246,A61,A75,3,A93,A101,3,A122,60,A143,A152,2,A173,1,A191,A201,1,male,2246.0,269.52,1347.6,,False,
A11,12,A34,A43,385,A61,A74,4,A92,A101,3,A121,58,A143,A152,4,A172,1,A192,A201,0,female,385.0,46.199999999999996,231.0,0.25442700981790356,True,-24.32716712152287
A12,24,A33,A40,1965,A65,A73,4,A92,A101,4,A123,42,A143,A151,2,A173,1,A192,A201,0,female,1965.0,471.59999999999997,1179.0,,False,
A14,21,A32,A49,1572,A64,A75,4,A92,A101,4,A121,36,A141,A152,1,A172,1,A191,A201,0,female,1572.0,330.12,943.1999999999999,,False,
A12,24,A32,A40,2718,A61,A73,3,A92,A101,4,A122,20,A143,A151,1,A172,1,A192,A201,1,female,2718.0,652.3199999999999,1630.8,,False,
A11,24,A31,A410,1358,A65,A75,4,A93,A101,3,A123,40,A142,A152,1,A174,1,A192,A201,1,male,1358.0,325.92,814.8,0.3674368911587034,True,-93.22261048255612
A12,6,A31,A40,931,A62,A72,1,A92,A101,1,A122,32,A142,A152,1,A172,1,A191,A201,1,female,931.0,55.86,558.6,,False,
A11,24,A32,A40,1442,A61,A74,4,A92,A101,4,A123,23,A143,A151,2,A173,1,A191,A201,1,female,1442.0,346.08,865.1999999999999,,False,
A12,24,A30,A49,4241,A61,A73,1,A93,A101,4,A121,36,A143,A152,3,A172,1,A192,A201,1,male,4241.0,1017.8399999999999,2544.6,,False,
A14,18,A34,A40,2775,A61,A74,2,A93,A101,2,A122,31,A141,A152,2,A173,1,A191,A201,1,male,2775.0,499.5,1665.0,0.27893957947122827,True,-104.26471976547356
A14,24,A33,A49,3863,A61,A73,1,A93,A101,2,A124,32,A143,A153,1,A173,1,A191,A201,0,male,3863.0,927.12,2317.7999999999997,,False,
A12,7,A32,A43,2329,A61,A72,1,A92,A103,1,A121,45,A143,A152,1,A173,1,A191,A201,0,female,2329.0,163.03,1397.3999999999999,,False,
A12,9,A32,A42,918,A61,A73,4,A92,A101,1,A122,30,A143,A152,1,A173,1,A191,A201,1,female,918.0,82.62,550.8,,False,
A12,24,A31,A46,1837,A61,A74,4,A92,A101,4,A124,34,A141,A153,1,A172,1,A191,A201,1,female,1837.0,440.88,1102.2,0.5865446435851578,True,-464.20530862338535
A14,36,A32,A42,3349,A61,A73,4,A92,A101,2,A123,28,A143,A152,1,A174,1,A192,A201,1,female,3349.0,1205.6399999999999,2009.3999999999999,,False,
A13,10,A32,A42,1275,A61,A72,4,A92,A101,2,A122,23,A143,A152,1,A173,1,A191,A201,0,female,1275.0,127.5,765.0,,False,
A11,24,A31,A42,2828,A63,A73,4,A93,A101,4,A121,22,A142,A152,1,A173,1,A192,A201,0,male,2828.0,678.72,1696.8,,False,
A14,24,A34,A49,4526,A61,A73,3,A93,A101,2,A121,74,A143,A152,1,A174,1,A192,A201,0,male,4526.0,1086.24,2715.6,,False,
A12,36,A32,A43,2671,A62,A73,4,A92,A102,4,A124,50,A143,A153,1,A173,1,A191,A201,1,female,2671.0,961.56,1602.6,,False,
A14,18,A32,A43,2051,A61,A72,4,A93,A101,1,A121,33,A143,A152,1,A173,1,A191,A201,0,male,2051.0,369.18,1230.6,0.1342942686603556,True,154.33871488253632
A14,15,A32,A41,1300,A65,A75,4,A93,A101,4,A124,45,A141,A153,1,A173,2,A191,A201,0,male,1300.0,195.0,780.0,,False,
A11,12,A32,A44,741,A62,A71,4,A92,A101,3,A122,22,A143,A152,1,A173,1,A191,A201,1,female,741.0,88.92,444.59999999999997,,False,
A13,10,A32,A40,1240,A62,A75,1,A92,A101,4,A124,48,A143,A153,1,A172,2,A191,A201,1,female,1240.0,123.99999999999999,744.0,,False,
A11,21,A32,A43,3357,A64,A72,4,A92,A101,2,A123,29,A141,A152,1,A173,1,A191,A201,0,female,3357.0,704.9699999999999,2014.1999999999998,,False,
A11,24,A31,A41,3632,A61,A73,1,A92,A103,4,A123,22,A141,A151,1,A173,1,A191,A202,0,female,3632.0,871.68,2179.2,,False,
A14,18,A33,A42,1808,A61,A74,4,A92,A101,1,A121,22,A143,A152,1,A173,1,A191,A201,1,female,1808.0,325.43999999999994,1084.8,0.12580561808779384,True,148.0238851478696
A12,48,A30,A49,12204,A65,A73,2,A93,A101,2,A123,48,A141,A152,1,A174,1,A192,A201,0,male,12204.0,5857.92,7322.4,,False,
A12,60,A33,A43,9157,A65,A73,2,A93,A101,2,A124,27,A143,A153,1,A174,1,A191,A201,0,male,9157.0,5494.2,5494.2,,False,
A11,6,A34,A40,3676,A61,A73,1,A93,A101,3,A121,37,A143,A151,3,A173,2,A191,A201,0,male,3676.0,220.56,2205.6,,False,
A12,30,A32,A42,3441,A62,A73,2,A92,A102,4,A123,21,A143,A151,1,A173,1,A191,A201,1,female,3441.0,1032.3,2064.6,,False,
A14,12,A32,A40,640,A61,A73,4,A91,A101,2,A121,49,A143,A152,1,A172,1,A191,A201,0,male,640.0,76.8,384.0,,False,
A12,21,A34,A49,3652,A61,A74,2,A93,A101,3,A122,27,A143,A152,2,A173,1,A191,A201,0,male,3652.0,766.9200000000001,2191.2,0.30489033214828853,True,-134.98218933449527
A14,18,A34,A40,1530,A61,A73,3,A93,A101,2,A122,32,A141,A152,2,A173,1,A191,A201,1,male,1530.0,275.4,918.0,,False,
A14,48,A32,A49,3914,A65,A73,4,A91,A101,2,A121,38,A141,A152,1,A173,1,A191,A201,1,male,3914.0,1878.72,2348.4,,False,
A11,12,A32,A42,1858,A61,A72,4,A92,A101,1,A123,22,A143,A151,1,A173,1,A191,A201,0,female,1858.0,222.95999999999998,1114.8,,False,
A11,18,A32,A43,2600,A61,A73,4,A93,A101,4,A124,65,A143,A153,2,A173,1,A191,A201,1,male,2600.0,468.0,1560.0,,False,
A14,15,A32,A43,1979,A65,A75,4,A93,A101,2,A123,35,A143,A152,1,A173,1,A191,A201,0,male,1979.0,296.84999999999997,1187.3999999999999,,False,
A13,6,A32,A42,2116,A61,A73,2,A93,A101,2,A121,41,A143,A152,1,A173,1,A192,A201,0,male,2116.0,126.96,1269.6,0.11318906099377393,True,-31.11531502146491
A12,9,A31,A40,1437,A62,A74,2,A93,A101,3,A124,29,A143,A152,1,A173,1,A191,A201,1,male,1437.0,129.32999999999998,862.1999999999999,,False,
A14,42,A34,A42,4042,A63,A73,4,A93,A101,4,A121,36,A143,A152,2,A173,1,A192,A201,0,male,4042.0,1697.6399999999999,2425.2,,False,
A14,9,A32,A46,3832,A65,A75,1,A93,A101,4,A121,64,A143,A152,1,A172,1,A191,A201,0,male,3832.0,344.88,2299.2,,False,
A11,24,A32,A43,3660,A61,A73,2,A92,A101,4,A123,28,A143,A152,1,A173,1,A191,A201,0,female,3660.0,878.4,2196.0,0.41643270611898553,True,-401.88071169220916
A11,18,A31,A42,1553,A61,A73,4,A93,A101,3,A123,44,A141,A152,1,A173,1,A191,A201,1,male,1553.0,279.53999999999996,931.8,,False,
A12,15,A32,A43,1444,A65,A72,4,A93,A101,1,A122,23,A143,A152,1,A173,1,A191,A201,0,male,1444.0,216.6,866.4,0.2975458065920378,True,-105.64210853917692
A14,9,A32,A42,1980,A61,A72,2,A92,A102,2,A123,19,A143,A151,2,A173,1,A191,A201,1,female,1980.0,178.2,1188.0,0.2171179300395901,True,-118.426516020088
A12,24,A32,A40,1355,A61,A72,3,A92,A101,4,A123,25,A143,A152,1,A172,1,A192,A201,1,female,1355.0,325.2,813.0,0.4725042093002198,True,-212.6042910255102
A14,12,A32,A46,1393,A61,A75,4,A93,A101,4,A122,47,A141,A152,3,A173,2,A192,A201,0,male,1393.0,167.16,835.8,,False,
A14,24,A32,A43,1376,A63,A74,4,A92,A101,1,A123,28,A143,A152,1,A173,1,A191,A201,0,female,1376.0,330.24,825.6,,False,
A14,60,A33,A43,15653,A61,A74,2,A93,A101,4,A123,21,A143,A152,2,A173,1,A192,A201,0,male,15653.0,9391.8,9391.8,,False,
A14,12,A32,A43,1493,A61,A72,4,A92,A101,3,A123,34,A143,A152,1,A173,2,A191,A201,0,female,1493.0,179.16,895.8,,False,
A11,42,A33,A43,4370,A61,A74,3,A93,A101,2,A122,26,A141,A152,2,A173,2,A192,A201,1,male,4370.0,1835.3999999999999,2622.0,,False,
A11,18,A32,A46,750,A61,A71,4,A92,A101,1,A121,27,A143,A152,1,A171,1,A191,A201,1,female,750.0,135.0,450.0,,False,
A12,15,A32,A45,1308,A61,A75,4,A93,A101,4,A123,38,A143,A152,2,A172,1,A191,A201,0,male,1308.0,196.20000000000002,784.8,,False,
A14,15,A32,A46,4623,A62,A73,3,A93,A101,2,A122,40,A143,A152,1,A174,1,A192,A201,1,male,4623.0,693.45,2773.7999999999997,,False,
A14,24,A34,A43,1851,A61,A74,4,A94,A103,2,A123,33,A143,A152,2,A173,1,A192,A201,0,male,1851.0,444.24,1110.6,,False,
A11,18,A34,A43,1880,A61,A74,4,A94,A101,1,A122,32,A143,A152,2,A174,1,A192,A201,0,male,1880.0,338.4,1128.0,,False,
A14,36,A33,A49,7980,A65,A72,4,A93,A101,4,A123,27,A143,A151,2,A173,1,A192,A201,1,male,7980.0,2872.7999999999997,4788.0,,False,
A11,30,A30,A42,4583,A61,A73,2,A91,A103,2,A121,32,A143,A152,2,A173,1,A191,A201,0,male,4583.0,1374.9,2749.7999999999997,,False,
A14,12,A32,A40,1386,A63,A73,2,A92,A101,2,A122,26,A143,A152,1,A173,1,A191,A201,1,female,1386.0,166.32,831.6,0.09307775311681654,True,73.43584860966642
A13,24,A32,A40,947,A61,A74,4,A93,A101,3,A124,38,A141,A153,1,A173,2,A191,A201,1,male,947.0,227.28,568.1999999999999,,False,
A11,12,A32,A46,684,A61,A73,4,A93,A101,4,A123,40,A143,A151,1,A172,2,A191,A201,1,male,684.0,82.08,410.4,,False,
A11,48,A32,A46,7476,A61,A74,4,A93,A101,1,A124,50,A143,A153,1,A174,1,A192,A201,0,male,7476.0,3588.48,4485.599999999999,,False,
A12,12,A32,A42,1922,A61,A73,4,A93,A101,2,A122,37,A143,A152,1,A172,1,A191,A201,1,male,1922.0,230.64,1153.2,,False,
A11,24,A32,A40,2303,A61,A75,4,A93,A102,1,A121,45,A143,A152,1,A173,1,A191,A201,1,male,2303.0,552.72,1381.8,,False,
A12,36,A33,A40,8086,A62,A75,2,A93,A101,4,A123,42,A143,A152,4,A174,1,A192,A201,1,male,8086.0,2910.96,4851.599999999999,0.3481417853581422,True,208.48850265029978
A14,24,A34,A41,2346,A61,A74,4,A93,A101,3,A123,35,A143,A152,2,A173,1,A192,A201,0,male,2346.0,563.04,1407.6,,False,
A11,14,A32,A40,3973,A61,A71,1,A93,A101,4,A124,22,A143,A153,1,A173,1,A191,A201,0,male,3973.0,556.22,2383.7999999999997,,False,
A12,12,A32,A40,888,A61,A75,4,A93,A101,4,A123,41,A141,A152,1,A172,2,A191,A201,1,male,888.0,106.56,532.8,,False,
A14,48,A32,A43,10222,A65,A74,4,A93,A101,3,A123,37,A142,A152,1,A173,1,A192,A201,0,male,10222.0,4906.5599999999995,6133.2,0.21213015151503659,True,2564.6940385103594
A12,30,A30,A49,4221,A61,A73,2,A92,A101,1,A123,28,A143,A152,2,A173,1,A191,A201,0,female,4221.0,1266.3,2532.6,0.4950388264643161,True,-614.3029978552904
A12,18,A34,A42,6361,A61,A75,2,A93,A101,1,A124,41,A143,A152,1,A173,1,A192,A201,0,male,6361.0,1144.98,3816.6,,False,
A13,12,A32,A43,1297,A61,A73,3,A94,A101,4,A121,23,A143,A151,1,A173,1,A191,A201,0,male,1297.0,155.64,778.1999999999999,,False,
A11,12,A32,A40,900,A65,A73,4,A94,A101,2,A123,23,A143,A152,1,A173,1,A191,A201,1,male,900.0,108.0,540.0,,False,
A14,21,A32,A42,2241,A61,A75,4,A93,A101,2,A121,50,A143,A152,2,A173,1,A191,A201,0,male,2241.0,470.61,1344.6,0.16146299278868104,True,177.52076086005832
A12,6,A33,A42,1050,A61,A71,4,A93,A101,1,A122,35,A142,A152,2,A174,1,A192,A201,0,male,1050.0,63.0,630.0,0.2972177304532739,True,-142.9718872041188
A13,6,A34,A46,1047,A61,A73,2,A92,A101,4,A122,50,A143,A152,1,A172,1,A191,A201,0,female,1047.0,62.82,628.1999999999999,0.2000079164019124,True,-75.38947039204949
A14,24,A34,A410,6314,A61,A71,4,A93,A102,2,A124,27,A141,A152,2,A174,1,A192,A201,0,male,6314.0,1515.36,3788.3999999999996,0.3978284684808907,True,-594.6267179902088
A12,30,A31,A42,3496,A64,A73,4,A93,A101,2,A123,34,A142,A152,1,A173,2,A192,A201,0,male,3496.0,1048.8,2097.6,,False,
A14,48,A31,A49,3609,A61,A73,1,A92,A101,1,A121,27,A142,A152,1,A173,1,A191,A201,0,female,3609.0,1732.32,2165.4,0.32175593793479657,True,478.2054455927848
A11,12,A34,A40,4843,A61,A75,3,A93,A102,4,A122,43,A143,A151,2,A173,1,A192,A201,1,male,4843.0,581.16,2905.7999999999997,0.32833773855408444,True,-563.7405608285502
A13,30,A34,A43,3017,A61,A75,4,A93,A101,4,A122,47,A143,A152,1,A173,1,A191,A201,0,male,3017.0,905.0999999999999,1810.2,,False,
A14,24,A34,A49,4139,A62,A73,3,A93,A101,3,A122,27,A143,A152,2,A172,1,A192,A201,0,male,4139.0,993.36,2483.4,,False,
A14,36,A32,A49,5742,A62,A74,2,A93,A101,2,A123,31,A143,A152,2,A173,1,A192,A201,0,male,5742.0,2067.12,3445.2,0.16901192319875372,True,1135.4721955130458
A14,60,A32,A40,10366,A61,A75,2,A93,A101,4,A122,42,A143,A152,1,A174,1,A192,A201,0,male,10366.0,6219.599999999999,6219.599999999999,,False,
A14,6,A34,A40,2080,A63,A73,1,A94,A101,2,A123,24,A143,A152,1,A173,1,A191,A201,0,male,2080.0,124.8,1248.0,,False,
A14,21,A33,A49,2580,A63,A72,4,A93,A101,2,A121,41,A141,A152,1,A172,2,A191,A201,1,male,2580.0,541.8,1548.0,,False,
A14,30,A34,A43,4530,A61,A74,4,A92,A101,4,A123,26,A143,A151,1,A174,1,A192,A201,0,female,4530.0,1359.0,2718.0,0.18750975434821415,True,594.5227315223308
A14,24,A34,A42,5150,A61,A75,4,A93,A101,4,A123,33,A143,A152,1,A173,1,A192,A201,0,male,5150.0,1236.0,3090.0,,False,
A12,72,A32,A43,5595,A62,A73,2,A94,A101,2,A123,24,A143,A152,1,A173,1,A191,A201,1,male,5595.0,4028.3999999999996,3357.0,0.31330259093462953,True,1714.535044911387
A11,24,A32,A43,2384,A61,A75,4,A93,A101,4,A121,64,A141,A151,1,A172,1,A191,A201,0,male,2384.0,572.16,1430.3999999999999,0.7151962369599321,True,-860.0633762864815
A14,18,A32,A43,1453,A61,A72,3,A92,A101,1,A121,26,A143,A152,1,A173,1,A191,A201,0,female,1453.0,261.53999999999996,871.8,0.11641401476593874,True,129.60334050517096
A14,6,A32,A46,1538,A61,A72,1,A92,A101,2,A124,56,A143,A152,1,A173,1,A191,A201,0,female,1538.0,92.28,922.8,,False,
A14,12,A32,A43,2279,A65,A73,4,A93,A101,4,A124,37,A143,A153,1,A173,1,A192,A201,0,male,2279.0,273.48,1367.3999999999999,0.09133667120193402,True,123.60748295817055
A14,15,A33,A43,1478,A61,A73,4,A94,A101,3,A121,33,A141,A152,2,A173,1,A191,A201,0,male,1478.0,221.7,886.8,0.2605994929892982,True,-67.17453797863703
A14,24,A34,A43,5103,A61,A72,3,A94,A101,3,A124,47,A143,A153,3,A173,1,A192,A201,0,male,5103.0,1224.72,3061.7999999999997,0.1199096087812741,True,710.7250637668931
A12,36,A33,A49,9857,A62,A74,1,A93,A101,3,A122,31,A143,A152,2,A172,2,A192,A201,0,male,9857.0,3548.5199999999995,5914.2,,False,
A14,60,A32,A40,6527,A65,A73,4,A93,A101,4,A124,34,A143,A153,1,A173,2,A192,A201,0,male,6527.0,3916.2,3916.2,,False,
A13,10,A34,A43,1347,A65,A74,4,A93,A101,2,A122,27,A143,A152,2,A173,1,A192,A201,0,male,1347.0,134.7,808.1999999999999,,False,
A12,36,A33,A40,2862,A62,A75,4,A93,A101,3,A124,30,A143,A153,1,A173,1,A191,A201,0,male,2862.0,1030.32,1717.2,,False,
A14,9,A32,A43,2753,A62,A75,3,A93,A102,4,A123,35,A143,A152,1,A173,1,A192,A201,0,male,2753.0,247.77,1651.8,,False,
A11,12,A32,A40,3651,A64,A73,1,A93,A101,3,A122,31,A143,A152,1,A173,2,A191,A201,0,male,3651.0,438.12,2190.6,,False,
A11,15,A34,A42,975,A61,A73,2,A91,A101,3,A122,25,A143,A152,2,A173,1,A191,A201,0,male,975.0,146.25,585.0,,False,
A12,15,A32,A45,2631,A62,A73,3,A92,A101,2,A121,25,A143,A152,1,A172,1,A191,A201,0,female,2631.0,394.65,1578.6,0.32340932145313583,True,-243.51744355740027
A12,24,A32,A43,2896,A62,A72,2,A93,A101,1,A123,29,A143,A152,1,A173,1,A191,A201,0,male,2896.0,695.04,1737.6,,False,
A11,6,A34,A40,4716,A65,A72,1,A93,A101,3,A121,44,A143,A152,2,A172,2,A191,A201,0,male,4716.0,282.96,2829.6,,False,
A14,24,A32,A43,2284,A61,A74,4,A93,A101,2,A123,28,A143,A152,1,A173,1,A192,A201,0,male,2284.0,548.16,1370.3999999999999,,False,
A14,6,A32,A41,1236,A63,A73,2,A93,A101,4,A122,50,A143,A151,1,A173,1,A191,A201,0,male,1236.0,74.16,741.6,,False,
A12,12,A32,A43,1103,A61,A74,4,A93,A103,3,A121,29,A143,A152,2,A173,1,A191,A202,0,male,1103.0,132.35999999999999,661.8,0.21725376043558686,True,-40.174246387525656
A14,12,A34,A40,926,A61,A71,1,A92,A101,2,A122,38,A143,A152,1,A171,1,A191,A201,0,female,926.0,111.11999999999999,555.6,,False,
A14,18,A34,A43,1800,A61,A73,4,A93,A101,2,A123,24,A143,A152,2,A173,1,A191,A201,0,male,1800.0,324.0,1080.0,0.14217236472014946,True,124.38999993291014
A13,15,A32,A46,1905,A61,A75,4,A93,A101,4,A123,40,A143,A151,1,A174,1,A192,A201,0,male,1905.0,285.75,1143.0,0.39169928332338344,True,-273.8903510482841
A14,12,A32,A42,1123,A63,A73,4,A92,A101,4,A123,29,A143,A151,1,A172,1,A191,A201,1,female,1123.0,134.76,673.8,,False,
A11,48,A34,A41,6331,A61,A75,4,A93,A101,4,A124,46,A143,A153,2,A173,1,A192,A201,1,male,6331.0,3038.88,3798.6,,False,
A13,24,A32,A43,1377,A62,A75,4,A92,A101,2,A124,47,A143,A153,1,A173,1,A192,A201,0,female,1377.0,330.47999999999996,826.1999999999999,,False,
A12,30,A33,A49,2503,A62,A75,4,A93,A101,2,A122,41,A142,A152,2,A173,1,A191,A201,0,male,2503.0,750.9000000000001,1501.8,,False,
A12,27,A32,A49,2528,A61,A72,4,A92,A101,1,A122,32,A143,A152,1,A173,2,A192,A201,0,female,2528.0,682.5600000000001,1516.8,,False,
A14,15,A32,A40,5324,A63,A75,1,A92,A101,4,A124,35,A143,A153,1,A173,1,A191,A201,0,female,5324.0,798.6,3194.4,0.1089384165708325,True,363.60890263266583
A12,48,A32,A40,6560,A62,A74,3,A93,A101,2,A122,24,A143,A152,1,A173,1,A191,A201,1,male,6560.0,3148.7999999999997,3936.0,,False,
A12,12,A30,A42,2969,A61,A72,4,A92,A101,3,A122,25,A143,A151,2,A173,1,A191,A201,1,female,2969.0,356.28,1781.3999999999999,,False,
A12,9,A32,A43,1206,A61,A75,4,A92,A101,4,A121,25,A143,A152,1,A173,1,A191,A201,0,female,1206.0,108.53999999999999,723.6,,False,
A12,9,A32,A43,2118,A61,A73,2,A93,A101,2,A121,37,A143,A152,1,A172,2,A191,A201,0,male,2118.0,190.62,1270.8,0.1839100481541005,True,-78.14982257336555
A14,18,A34,A43,629,A63,A75,4,A93,A101,3,A122,32,A141,A152,2,A174,1,A192,A201,0,male,629.0,113.22,377.4,,False,
A11,6,A31,A46,1198,A61,A75,4,A92,A101,4,A124,35,A143,A153,1,A173,1,A191,A201,1,female,1198.0,71.88,718.8,,False,
A14,21,A32,A41,2476,A65,A75,4,A93,A101,4,A121,46,A143,A152,1,A174,1,A192,A201,0,male,2476.0,519.96,1485.6,,False,
A11,9,A34,A43,1138,A61,A73,4,A93,A101,4,A121,25,A143,A152,2,A172,1,A191,A201,0,male,1138.0,102.42,682.8,,False,
A12,60,A32,A40,14027,A61,A74,4,A93,A101,2,A124,27,A143,A152,1,A174,1,A192,A201,1,male,14027.0,8416.2,8416.199999999999,,False,
A14,30,A34,A41,7596,A65,A75,1,A93,A101,4,A123,63,A143,A152,2,A173,1,A191,A201,0,male,7596.0,2278.8,4557.599999999999,0.08224416590168797,True,1716.545984229701
A14,30,A34,A43,3077,A65,A75,3,A93,A101,2,A123,40,A143,A152,2,A173,2,A192,A201,0,male,3077.0,923.1,1846.1999999999998,,False,
A14,18,A32,A43,1505,A61,A73,4,A93,A101,2,A124,32,A143,A153,1,A174,1,A192,A201,0,male,1505.0,270.9,903.0,0.14338917378587743,True,102.57544889275846
A13,24,A34,A43,3148,A65,A73,3,A93,A101,2,A123,31,A143,A152,2,A173,1,A192,A201,0,male,3148.0,755.52,1888.8,0.13506987223171088,True,398.3520354602423
A12,20,A30,A41,6148,A62,A75,3,A94,A101,4,A123,31,A141,A152,2,A173,1,A192,A201,0,male,6148.0,1229.6000000000001,3688.7999999999997,,False,
A13,9,A30,A43,1337,A61,A72,4,A93,A101,2,A123,34,A143,A152,2,A174,1,A192,A201,1,male,1337.0,120.33,802.1999999999999,,False,
A12,6,A31,A46,433,A64,A72,4,A92,A101,2,A122,24,A141,A151,1,A173,2,A191,A201,1,female,433.0,25.98,259.8,,False,
A11,12,A32,A40,1228,A61,A73,4,A92,A101,2,A121,24,A143,A152,1,A172,1,A191,A201,1,female,1228.0,147.35999999999999,736.8,0.28292749993217725,True,-102.79317834003383
A12,9,A32,A43,790,A63,A73,4,A92,A101,3,A121,66,A143,A152,1,A172,1,A191,A201,0,female,790.0,71.1,474.0,,False,
A14,27,A32,A40,2570,A61,A73,3,A92,A101,3,A121,21,A143,A151,1,A173,1,A191,A201,1,female,2570.0,693.9,1542.0,0.2218506487414568,True,197.86413447897678
A14,6,A34,A40,250,A64,A73,2,A92,A101,2,A121,41,A141,A152,2,A172,1,A191,A201,0,female,250.0,15.0,150.0,0.2051921488195803,True,-18.85670455523075
A14,15,A34,A43,1316,A63,A73,2,A94,A101,2,A122,47,A143,A152,2,A172,1,A191,A201,0,male,1316.0,197.39999999999998,789.6,0.06196096007105323,True,136.24453240987043
A11,18,A32,A43,1882,A61,A73,4,A92,A101,4,A123,25,A141,A151,2,A173,1,A191,A201,1,female,1882.0,338.76,1129.2,,False,
A12,48,A31,A49,6416,A61,A75,4,A92,A101,3,A124,59,A143,A151,1,A173,1,A191,A201,1,female,6416.0,3079.68,3849.6,,False,
A13,24,A34,A49,1275,A64,A73,2,A91,A101,4,A121,36,A143,A152,2,A173,1,A192,A201,0,male,1275.0,306.0,765.0,0.1636384829964472,True,130.74318471080505
A12,24,A33,A43,6403,A61,A72,1,A93,A101,2,A123,33,A143,A152,1,A173,1,A191,A201,0,male,6403.0,1536.72,3841.7999999999997,,False,
A11,24,A32,A43,1987,A61,A73,2,A93,A101,4,A121,21,A143,A151,1,A172,2,A191,A201,1,male,1987.0,476.88,1192.2,,False,
A12,8,A32,A43,760,A61,A74,4,A92,A103,2,A121,44,A143,A152,1,A172,1,A191,A201,0,female,760.0,60.8,456.0,,False,
A14,24,A32,A41,2603,A64,A73,2,A92,A101,4,A123,28,A143,A151,1,A173,1,A192,A201,0,female,2603.0,624.72,1561.8,,False,
A14,4,A34,A40,3380,A61,A74,1,A92,A101,1,A121,37,A143,A152,1,A173,2,A191,A201,0,female,3380.0,135.2,2028.0,,False,
A12,36,A31,A44,3990,A65,A72,3,A92,A101,2,A124,29,A141,A152,1,A171,1,A191,A201,0,female,3990.0,1436.3999999999999,2394.0,,False,
A12,24,A32,A41,11560,A61,A73,1,A92,A101,4,A123,23,A143,A151,2,A174,1,A191,A201,1,female,11560.0,2774.4,6936.0,,False,
A11,18,A32,A40,4380,A62,A73,3,A93,A101,4,A123,35,A143,A152,1,A172,2,A192,A201,0,male,4380.0,788.4000000000001,2628.0,,False,
A14,6,A34,A40,6761,A61,A74,1,A93,A101,3,A124,45,A143,A152,2,A174,2,A192,A201,0,male,6761.0,405.65999999999997,4056.6,,False,
A12,30,A30,A49,4280,A62,A73,4,A92,A101,4,A123,26,A143,A151,2,A172,1,A191,A201,1,female,4280.0,1284.0,2568.0,0.5038360372534226,True,-656.776415500184
A11,24,A31,A40,2325,A62,A74,2,A93,A101,3,A123,32,A141,A152,1,A173,1,A191,A201,0,male,2325.0,558.0,1395.0,,False,
A12,10,A31,A43,1048,A61,A73,4,A93,A101,4,A121,23,A142,A152,1,A172,1,A191,A201,0,male,1048.0,104.8,628.8,,False,
A14,21,A32,A43,3160,A65,A75,4,A93,A101,3,A122,41,A143,A152,1,A173,1,A192,A201,0,male,3160.0,663.6,1896.0,0.08226298287288594,True,453.0396690385612
A11,24,A31,A42,2483,A63,A73,4,A93,A101,4,A121,22,A142,A152,1,A173,1,A192,A201,0,male,2483.0,595.92,1489.8,,False,
A11,39,A34,A42,14179,A65,A74,4,A93,A101,4,A122,30,A143,A152,2,A174,1,A192,A201,0,male,14179.0,5529.81,8507.4,,False,
A11,13,A34,A49,1797,A61,A72,3,A93,A101,1,A122,28,A141,A152,2,A172,1,A191,A201,0,male,1797.0,233.60999999999996,1078.2,0.28166410570074674,True,-135.8797904992966
A11,15,A32,A40,2511,A61,A71,1,A92,A101,4,A123,23,A143,A151,1,A173,1,A191,A201,0,female,2511.0,376.65,1506.6,0.41404885005662306,True,-403.10749686913533
A11,12,A32,A40,1274,A61,A72,3,A92,A101,1,A121,37,A143,A152,1,A172,1,A191,A201,1,female,1274.0,152.88,764.4,,False,
A14,21,A32,A41,5248,A65,A73,1,A93,A101,3,A123,26,A143,A152,1,A173,1,A191,A201,0,male,5248.0,1102.08,3148.7999999999997,,False,
A14,15,A32,A41,3029,A61,A74,2,A93,A101,2,A123,33,A143,A152,1,A173,1,A191,A201,0,male,3029.0,454.34999999999997,1817.3999999999999,,False,
A11,6,A32,A42,428,A61,A75,2,A92,A101,1,A122,49,A141,A152,1,A173,1,A192,A201,0,female,428.0,25.68,256.8,,False,
A11,18,A32,A40,976,A61,A72,1,A92,A101,2,A123,23,A143,A152,1,A172,1,A191,A201,1,female,976.0,175.67999999999998,585.6,0.5658426577970254,True,-255.0846985277195
A12,12,A32,A49,841,A62,A74,2,A92,A101,4,A121,23,A143,A151,1,A172,1,A191,A201,0,female,841.0,100.92,504.59999999999997,,False,
A14,30,A34,A43,5771,A61,A74,4,A92,A101,2,A123,25,A143,A152,2,A173,1,A191,A201,0,female,5771.0,1731.3,3462.6,,False,
A14,12,A33,A45,1555,A64,A75,4,A93,A101,4,A124,55,A143,A153,2,A173,2,A191,A201,1,male,1555.0,186.6,933.0,,False,
A11,24,A32,A40,1285,A65,A74,4,A92,A101,4,A124,32,A143,A151,1,A173,1,A191,A201,1,female,1285.0,308.4,771.0,0.5974950609252642,True,-336.53616876273014
A13,6,A34,A40,1299,A61,A73,1,A93,A101,1,A121,74,A143,A152,3,A171,2,A191,A202,0,male,1299.0,77.94,779.4,0.09795429158931386,True,-6.040132351182351
A13,15,A34,A43,1271,A65,A73,3,A93,A101,4,A124,39,A143,A153,2,A173,1,A192,A201,1,male,1271.0,190.64999999999998,762.6,,False,
A14,24,A32,A40,1393,A61,A73,2,A93,A103,2,A121,31,A143,A152,1,A173,1,A192,A201,0,male,1393.0,334.32,835.8,,False,
A11,12,A34,A40,691,A61,A75,4,A93,A101,3,A122,35,A143,A152,2,A173,1,A191,A201,1,male,691.0,82.92,414.59999999999997,,False,
A14,15,A34,A40,5045,A65,A75,1,A92,A101,4,A123,59,A143,A152,1,A173,1,A192,A201,0,female,5045.0,756.75,3027.0,,False,
A11,18,A34,A42,2124,A61,A73,4,A92,A101,4,A121,24,A143,A151,2,A173,1,A191,A201,1,female,2124.0,382.32,1274.3999999999999,0.60176689272505,True,-614.6392465154448
A11,12,A32,A43,2214,A61,A73,4,A93,A101,3,A122,24,A143,A152,1,A172,1,A191,A201,0,male,2214.0,265.68,1328.3999999999999,,False,
A14,21,A34,A40,12680,A65,A75,4,A93,A101,4,A124,30,A143,A153,1,A174,1,A192,A201,1,male,12680.0,2662.7999999999997,7608.0,0.18104175364806796,True,803.3563566314235
A14,24,A34,A40,2463,A62,A74,4,A94,A101,3,A122,27,A143,A152,2,A173,1,A192,A201,0,male,2463.0,591.12,1477.8,,False,
A12,12,A32,A43,1155,A61,A75,3,A94,A103,3,A121,40,A141,A152,2,A172,1,A191,A201,0,male,1155.0,138.6,693.0,,False,
A11,30,A32,A42,3108,A61,A72,2,A91,A101,4,A122,31,A143,A152,1,A172,1,A191,A201,1,male,3108.0,932.4,1864.8,0.466499051369811,True,-372.49114649163533
A14,10,A32,A41,2901,A65,A72,1,A92,A101,4,A121,31,A143,A151,1,A173,1,A191,A201,0,female,2901.0,290.1,1740.6,,False,
A12,12,A34,A42,3617,A61,A75,1,A93,A101,4,A123,28,A143,A151,3,A173,1,A192,A201,0,male,3617.0,434.03999999999996,2170.2,0.30806372066315746,True,-368.2318638998212
A14,12,A34,A43,1655,A61,A75,2,A93,A101,4,A121,63,A143,A152,2,A172,1,A192,A201,0,male,1655.0,198.6,993.0,,False,
A11,24,A32,A41,2812,A65,A75,2,A92,A101,4,A121,26,A143,A151,1,A173,1,A191,A201,0,female,2812.0,674.88,1687.2,,False,
A11,36,A34,A46,8065,A61,A73,3,A92,A101,2,A124,25,A143,A152,2,A174,1,A192,A201,1,female,8065.0,2903.3999999999996,4839.0,,False,
A14,21,A34,A41,3275,A61,A75,1,A93,A101,4,A123,36,A143,A152,1,A174,1,A192,A201,0,male,3275.0,687.75,1965.0,0.05083840069171194,True,552.8884325650612
A14,24,A34,A43,2223,A62,A75,4,A93,A101,4,A122,52,A141,A152,2,A173,1,A191,A201,0,male,2223.0,533.52,1333.8,,False,
A13,12,A34,A40,1480,A63,A71,2,A93,A101,4,A124,66,A141,A153,3,A171,1,A191,A201,0,male,1480.0,177.6,888.0,0.275754306315067,True,-116.24378880933537
A11,24,A32,A40,1371,A65,A73,4,A92,A101,4,A121,25,A143,A151,1,A173,1,A191,A201,1,female,1371.0,329.03999999999996,822.6,,False,
A14,36,A34,A40,3535,A61,A74,4,A93,A101,4,A123,37,A143,A152,2,A173,1,A192,A201,0,male,3535.0,1272.6,2121.0,,False,
A11,18,A32,A43,3509,A61,A74,4,A92,A103,1,A121,25,A143,A152,1,A173,1,A191,A201,0,female,3509.0,631.62,2105.4,,False,
A14,36,A34,A41,5711,A64,A75,4,A93,A101,2,A123,38,A143,A152,2,A174,1,A192,A201,0,male,5711.0,2055.96,3426.6,,False,
A12,18,A32,A45,3872,A61,A71,2,A92,A101,4,A123,67,A143,A152,1,A173,1,A192,A201,0,female,3872.0,696.96,2323.2,0.31318718176510424,True,-248.91539887969708
A12,39,A34,A43,4933,A61,A74,2,A93,A103,2,A121,25,A143,A152,2,A173,1,A191,A201,1,male,4933.0,1923.8699999999997,2959.7999999999997,,False,
A14,24,A34,A40,1940,A64,A75,4,A93,A101,4,A121,60,A143,A152,1,A173,1,A192,A201,0,male,1940.0,465.59999999999997,1164.0,0.06406061299092872,True,361.20682506998253
A12,12,A30,A48,1410,A61,A73,2,A93,A101,2,A121,31,A143,A152,1,A172,1,A192,A201,0,male,1410.0,169.2,846.0,,False,
A12,12,A32,A40,836,A62,A72,4,A92,A101,2,A122,23,A141,A152,1,A172,1,A191,A201,1,female,836.0,100.32,501.59999999999997,,False,
A12,20,A32,A41,6468,A65,A71,1,A91,A101,4,A121,60,A143,A152,1,A174,1,A192,A201,0,male,6468.0,1293.6,3880.7999999999997,,False,
A12,18,A32,A49,1941,A64,A73,4,A93,A101,2,A122,35,A143,A152,1,A172,1,A192,A201,0,male,1941.0,349.38,1164.6,0.3350242087143274,True,-157.83995150931736
A14,22,A32,A43,2675,A63,A75,3,A93,A101,4,A123,40,A143,A152,1,A173,1,A191,A201,0,male,2675.0,588.5,1605.0,0.08273114803973361,True,407.02922677484435
A14,48,A34,A41,2751,A65,A75,4,A93,A101,3,A123,38,A143,A152,2,A173,2,A192,A201,0,male,2751.0,1320.48,1650.6,,False,
A12,48,A33,A46,6224,A61,A75,4,A93,A101,4,A124,50,A143,A153,1,A173,1,A191,A201,1,male,6224.0,2987.52,3734.3999999999996,0.6167050515557013,True,-1157.9220201532996
A11,40,A34,A46,5998,A61,A73,4,A93,A101,3,A124,27,A141,A152,1,A173,1,A192,A201,1,male,5998.0,2399.2000000000003,3598.7999999999997,,False,
A12,21,A32,A49,1188,A61,A75,2,A92,A101,4,A122,39,A143,A152,1,A173,2,A191,A201,1,female,1188.0,249.48000000000002,712.8,0.34693466826514585,True,-84.36829257818454
A14,24,A32,A41,6313,A65,A75,3,A93,A101,4,A123,41,A143,A152,1,A174,2,A192,A201,0,male,6313.0,1515.12,3787.7999999999997,0.10687984562940396,True,948.344729014921
A14,6,A34,A42,1221,A65,A73,1,A94,A101,2,A122,27,A143,A152,2,A173,1,A191,A201,0,male,1221.0,73.25999999999999,732.6,,False,
A13,24,A32,A42,2892,A61,A75,3,A91,A101,4,A124,51,A143,A153,1,A173,1,A191,A201,0,male,2892.0,694.0799999999999,1735.2,0.46460889458935534,True,-434.5850954480292
A14,24,A32,A42,3062,A63,A75,4,A93,A101,3,A124,32,A143,A151,1,A173,1,A192,A201,0,male,3062.0,734.88,1837.2,0.18844987355509651,True,250.17184922640735
A14,9,A32,A42,2301,A62,A72,2,A92,A101,4,A122,22,A143,A151,1,A173,1,A191,A201,0,female,2301.0,207.09,1380.6,,False,
A11,18,A32,A41,7511,A65,A75,1,A93,A101,4,A122,51,A143,A153,1,A173,2,A192,A201,1,male,7511.0,1351.98,4506.599999999999,0.26702307096497624,True,-212.39602309399027
A14,12,A34,A42,1258,A61,A72,2,A92,A101,4,A122,22,A143,A151,2,A172,1,A191,A201,0,female,1258.0,150.96,754.8,,False,
A14,24,A33,A40,717,A65,A75,4,A94,A101,4,A123,54,A143,A152,2,A173,1,A192,A201,0,male,717.0,172.07999999999998,430.2,,False,
A12,9,A32,A40,1549,A65,A72,4,A93,A101,2,A121,35,A143,A152,1,A171,1,A191,A201,0,male,1549.0,139.41,929.4,0.23719609806063646,True,-114.10756156818887
A14,24,A34,A46,1597,A61,A75,4,A93,A101,4,A124,54,A143,A153,2,A173,2,A191,A201,0,male,1597.0,383.28,958.1999999999999,0.2105230198172452,True,100.86757937556192
A12,18,A34,A43,1795,A61,A75,3,A92,A103,4,A121,48,A141,A151,2,A172,1,A192,A201,0,female,1795.0,323.1,1077.0,0.3983716222799991,True,-234.66010835422676
A11,20,A34,A42,4272,A61,A75,1,A92,A101,4,A122,24,A143,A152,2,A173,1,A191,A201,0,female,4272.0,854.4,2563.2,0.4341114309704759,True,-629.2192264846983
A14,12,A34,A43,976,A65,A75,4,A93,A101,4,A123,35,A143,A152,2,A173,1,A191,A201,0,male,976.0,117.11999999999999,585.6,0.07487093874086588,True,64.5066939280187
A12,12,A32,A40,7472,A65,A71,1,A92,A101,2,A121,24,A143,A151,1,A171,1,A191,A201,0,female,7472.0,896.64,4483.2,0.2904461565273972,True,-665.9138507323524
A11,36,A32,A40,9271,A61,A74,2,A93,A101,1,A123,24,A143,A152,1,A173,1,A192,A201,1,male,9271.0,3337.56,5562.599999999999,0.6116649607861745,True,-2106.3560173906785
A12,6,A32,A43,590,A61,A72,3,A94,A101,3,A121,26,A143,A152,1,A172,1,A191,A202,0,male,590.0,35.4,354.0,0.20737972214853045,True,-45.35366380463776
A14,12,A34,A43,930,A65,A75,4,A93,A101,4,A121,65,A143,A152,4,A173,1,A191,A201,0,male,930.0,111.6,558.0,,False,
A12,42,A31,A41,9283,A61,A71,1,A93,A101,2,A124,55,A141,A153,1,A174,1,A192,A201,0,male,9283.0,3898.86,5569.8,,False,
A12,15,A30,A40,1778,A61,A72,2,A92,A101,1,A121,26,A143,A151,2,A171,1,A191,A201,1,female,1778.0,266.7,1066.8,,False,
A12,8,A32,A49,907,A61,A72,3,A94,A101,2,A121,26,A143,A152,1,A173,1,A192,A201,0,male,907.0,72.55999999999999,544.1999999999999,0.25371940749480537,True,-83.92398176649615
A12,6,A32,A43,484,A61,A74,3,A94,A103,3,A121,28,A141,A152,1,A172,1,A191,A201,0,male,484.0,29.04,290.4,,False,
A11,36,A34,A41,9629,A61,A74,4,A93,A101,4,A123,24,A143,A152,2,A173,1,A192,A201,1,male,9629.0,3466.44,5777.4,,False,
A11,48,A32,A44,3051,A61,A73,3,A93,A101,4,A123,54,A143,A152,1,A173,1,A191,A201,1,male,3051.0,1464.48,1830.6,,False,
A11,48,A32,A40,3931,A61,A74,4,A93,A101,4,A124,46,A143,A153,1,A173,2,A191,A201,1,male,3931.0,1886.8799999999999,2358.6,,False,
A12,36,A33,A40,7432,A61,A73,2,A92,A101,2,A122,54,A143,A151,1,A173,1,A191,A201,0,female,7432.0,2675.5199999999995,4459.2,,False,
A14,6,A32,A44,1338,A63,A73,1,A91,A101,4,A121,62,A143,A152,1,A173,1,A191,A201,0,male,1338.0,80.28,802.8,,False,
A14,6,A34,A43,1554,A61,A74,1,A92,A101,2,A123,24,A143,A151,2,A173,1,A192,A201,0,female,1554.0,93.24,932.4,0.08869091920465125,True,2.275045626941491
A11,36,A32,A410,15857,A61,A71,2,A91,A102,3,A123,43,A143,A152,1,A174,1,A191,A201,0,male,15857.0,5708.5199999999995,9514.199999999999,0.5705140447637935,True,-2976.255559506694
A11,18,A32,A43,1345,A61,A73,4,A94,A101,3,A121,26,A141,A152,1,A173,1,A191,A201,1,male,1345.0,242.10000000000002,807.0,,False,
A14,12,A32,A40,1101,A61,A73,3,A94,A101,2,A121,27,A143,A152,2,A173,1,A192,A201,0,male,1101.0,132.12,660.6,,False,
A13,12,A32,A43,3016,A61,A73,3,A94,A101,1,A123,24,A143,A152,1,A173,1,A191,A201,0,male,3016.0,361.91999999999996,1809.6,,False,
A11,36,A32,A42,2712,A61,A75,2,A93,A101,2,A122,41,A141,A152,1,A173,2,A191,A201,1,male,2712.0,976.3199999999999,1627.2,,False,
A11,8,A34,A40,731,A61,A75,4,A93,A101,4,A121,47,A143,A152,2,A172,1,A191,A201,0,male,731.0,58.48,438.59999999999997,,False,
A14,18,A34,A42,3780,A61,A72,3,A91,A101,2,A123,35,A143,A152,2,A174,1,A192,A201,0,male,3780.0,680.4,2268.0,,False,
A11,21,A34,A40,1602,A61,A75,4,A94,A101,3,A123,30,A143,A152,2,A173,1,A192,A201,0,male,1602.0,336.41999999999996,961.1999999999999,,False,
A11,18,A34,A40,3966,A61,A75,1,A92,A101,4,A121,33,A141,A151,3,A173,1,A192,A201,1,female,3966.0,713.8799999999999,2379.6,,False,
A14,18,A30,A49,4165,A61,A73,2,A93,A101,2,A123,36,A142,A152,2,A173,2,A191,A201,1,male,4165.0,749.6999999999999,2499.0,,False,
A11,36,A32,A41,8335,A65,A75,3,A93,A101,4,A124,47,A143,A153,1,A173,1,A191,A201,1,male,8335.0,3000.6,5001.0,,False,
A12,48,A33,A49,6681,A65,A73,4,A93,A101,4,A124,38,A143,A153,1,A173,2,A192,A201,0,male,6681.0,3206.8799999999997,4008.6,,False,
A14,24,A33,A49,2375,A63,A73,4,A93,A101,2,A123,44,A143,A152,2,A173,2,A192,A201,0,male,2375.0,570.0,1425.0,,False,
A11,18,A32,A40,1216,A61,A72,4,A92,A101,3,A123,23,A143,A151,1,A173,1,A192,A201,1,female,1216.0,218.88,729.6,0.6871771786766088,True,-432.89381043118993
A11,45,A30,A49,11816,A61,A75,2,A93,A101,4,A123,29,A143,A151,2,A173,1,A191,A201,1,male,11816.0,5317.2,7089.599999999999,0.6697525375158324,True,-2992.2857824514294
A12,24,A32,A43,5084,A65,A75,2,A92,A101,4,A123,42,A143,A152,1,A173,1,A192,A201,0,female,5084.0,1220.1599999999999,3050.4,,False,
A13,15,A32,A43,2327,A61,A72,2,A92,A101,3,A121,25,A143,A152,1,A172,1,A191,A201,1,female,2327.0,349.05,1396.2,,False,
A11,12,A30,A40,1082,A61,A73,4,A93,A101,4,A123,48,A141,A152,2,A173,1,A191,A201,1,male,1082.0,129.84,649.1999999999999,,False,
A14,12,A32,A43,886,A65,A73,4,A92,A101,2,A123,21,A143,A152,1,A173,1,A191,A201,0,female,886.0,106.32,531.6,,False,
A14,4,A32,A42,601,A61,A72,1,A92,A101,3,A121,23,A143,A151,1,A172,2,A191,A201,0,female,601.0,24.039999999999996,360.59999999999997,,False,
A11,24,A34,A41,2957,A61,A75,4,A93,A101,4,A122,63,A143,A152,2,A173,1,A192,A201,0,male,2957.0,709.68,1774.2,,False,
A14,24,A34,A43,2611,A61,A75,4,A94,A102,3,A121,46,A143,A152,2,A173,1,A191,A201,0,male,2611.0,626.64,1566.6,,False,
A11,36,A32,A42,5179,A61,A74,4,A93,A101,2,A122,29,A143,A152,1,A173,1,A191,A201,1,male,5179.0,1864.44,3107.4,0.6359301203979957,True,-1297.3028097995707
A14,21,A33,A41,2993,A61,A73,3,A93,A101,2,A121,28,A142,A152,2,A172,1,A191,A201,0,male,2993.0,628.53,1795.8,,False,
A14,18,A32,A45,1943,A61,A72,4,A92,A101,4,A121,23,A143,A152,1,A173,1,A191,A201,1,female,1943.0,349.74,1165.8,0.18293319536110852,True,72.49742510242558
A14,24,A31,A49,1559,A61,A74,4,A93,A101,4,A123,50,A141,A152,1,A173,1,A192,A201,0,male,1559.0,374.15999999999997,935.4,,False,
A14,18,A32,A42,3422,A61,A75,4,A93,A101,4,A122,47,A141,A152,3,A173,2,A192,A201,0,male,3422.0,615.96,2053.2,0.38889865244761584,True,-422.0727271670782
A12,21,A32,A42,3976,A65,A74,2,A93,A101,3,A123,35,A143,A152,1,A173,1,A192,A201,0,male,3976.0,834.96,2385.6,0.18591862953169874,True,236.19789847539226
A14,18,A32,A40,6761,A65,A73,2,A93,A101,4,A123,68,A143,A151,2,A173,1,A191,A201,1,male,6761.0,1216.98,4056.6,0.15975501112694657,True,374.49916842115715
A14,24,A32,A40,1249,A61,A72,4,A94,A101,2,A121,28,A143,A152,1,A173,1,A191,A201,0,male,1249.0,299.76,749.4,,False,
A11,9,A32,A43,1364,A61,A74,3,A93,A101,4,A121,59,A143,A152,1,A173,1,A191,A201,0,male,1364.0,122.76,818.4,0.23232205513563947,True,-95.89222541145844
A11,12,A32,A43,709,A61,A75,4,A93,A101,4,A121,57,A142,A152,1,A172,1,A191,A201,1,male,709.0,85.08,425.4,,False,
A11,20,A34,A40,2235,A61,A73,4,A94,A103,2,A122,33,A141,A151,2,A173,1,A191,A202,1,male,2235.0,447.0,1341.0,,False,
A14,24,A34,A41,4042,A65,A74,3,A93,A101,4,A122,43,A143,A152,2,A173,1,A192,A201,0,male,4042.0,970.0799999999999,2425.2,0.05266326586979829,True,791.2734666575911
A14,15,A34,A43,1471,A61,A73,4,A93,A101,4,A124,35,A143,A153,2,A173,1,A192,A201,0,male,1471.0,220.64999999999998,882.6,,False,
A11,18,A31,A40,1442,A61,A74,4,A93,A101,4,A124,32,A143,A153,2,A172,2,A191,A201,1,male,1442.0,259.56,865.1999999999999,0.7017121331856162,True,-529.6977389218536
A14,36,A33,A40,10875,A61,A75,2,A93,A101,2,A123,45,A143,A152,2,A173,2,A192,A201,0,male,10875.0,3915.0,6525.0,0.30241197171181966,True,757.8190153286027
A14,24,A32,A40,1474,A62,A72,4,A94,A101,3,A121,33,A143,A152,1,A173,1,A192,A201,0,male,1474.0,353.76,884.4,,False,
A14,10,A32,A48,894,A65,A74,4,A92,A101,3,A122,40,A143,A152,1,A173,1,A192,A201,0,female,894.0,89.4,536.4,0.07149249819172061,True,44.65999463162124
A14,15,A34,A42,3343,A61,A73,4,A93,A101,2,A124,28,A143,A153,1,A173,1,A192,A201,0,male,3343.0,501.44999999999993,2005.8,,False,
A11,15,A32,A40,3959,A61,A73,3,A92,A101,2,A122,29,A143,A152,1,A173,1,A192,A201,1,female,3959.0,593.85,2375.4,0.42172369267470033,True,-658.353074474354
A14,9,A32,A40,3577,A62,A73,1,A93,A103,2,A121,26,A143,A151,1,A173,2,A191,A202,0,male,3577.0,321.93,2146.2,,False,
A14,24,A34,A41,5804,A64,A73,4,A93,A101,2,A121,27,A143,A152,2,A173,1,A191,A201,0,male,5804.0,1392.96,3482.4,0.13400690766224813,True,739.628082659782
A14,18,A33,A49,2169,A61,A73,4,A94,A101,2,A123,28,A143,A152,1,A173,1,A192,A201,1,male,2169.0,390.41999999999996,1301.3999999999999,,False,
A11,24,A32,A43,2439,A61,A72,4,A92,A101,4,A121,35,A143,A152,1,A173,1,A192,A201,1,female,2439.0,585.36,1463.3999999999999,,False,
A14,27,A34,A42,4526,A64,A72,4,A93,A101,2,A121,32,A142,A152,2,A172,2,A192,A201,0,male,4526.0,1222.02,2715.6,,False,
A14,10,A32,A42,2210,A61,A73,2,A93,A101,2,A121,25,A141,A151,1,A172,1,A191,A201,1,male,2210.0,221.0,1326.0,,False,
A14,15,A32,A42,2221,A63,A73,2,A92,A101,4,A123,20,A143,A151,1,A173,1,A191,A201,0,female,2221.0,333.15,1332.6,,False,
A11,18,A32,A43,2389,A61,A72,4,A92,A101,1,A123,27,A142,A152,1,A173,1,A191,A201,0,female,2389.0,430.02,1433.3999999999999,,False,
A14,12,A34,A42,3331,A61,A75,2,A93,A101,4,A122,42,A142,A152,1,A173,1,A191,A201,0,male,3331.0,399.71999999999997,1998.6,,False,
A14,36,A32,A49,7409,A65,A75,3,A93,A101,2,A122,37,A143,A152,2,A173,1,A191,A201,0,male,7409.0,2667.24,4445.4,,False,
A11,12,A32,A42,652,A61,A75,4,A92,A101,4,A122,24,A143,A151,1,A173,1,A191,A201,0,female,652.0,78.24,391.2,,False,
A14,36,A33,A42,7678,A63,A74,2,A92,A101,4,A123,40,A143,A152,2,A173,1,A192,A201,0,female,7678.0,2764.08,4606.8,0.1524643056307747,True,1640.2838989122351
A13,6,A34,A40,1343,A61,A75,1,A93,A101,4,A121,46,A143,A152,2,A173,2,A191,A202,0,male,1343.0,80.58,805.8,,False,
A11,24,A34,A49,1382,A62,A74,4,A93,A101,1,A121,26,A143,A152,2,A173,1,A192,A201,0,male,1382.0,331.68,829.1999999999999,,False,
A14,15,A32,A44,874,A65,A72,4,A92,A101,1,A121,24,A143,A152,1,A173,1,A191,A201,0,female,874.0,131.1,524.4,,False,
A11,12,A32,A42,3590,A61,A73,2,A93,A102,2,A122,29,A143,A152,1,A172,2,A191,A201,0,male,3590.0,430.8,2154.0,,False,
A12,11,A34,A40,1322,A64,A73,4,A92,A101,4,A123,40,A143,A152,2,A173,1,A191,A201,0,female,1322.0,145.42,793.1999999999999,0.16713227318973128,True,-11.45369426134559
A11,18,A31,A43,1940,A61,A72,3,A93,A102,4,A124,36,A141,A153,1,A174,1,A192,A201,0,male,1940.0,349.2,1164.0,,False,
A14,36,A32,A43,3595,A61,A75,4,A93,A101,2,A123,28,A143,A152,1,A173,1,A191,A201,0,male,3595.0,1294.1999999999998,2157.0,0.25188663361928976,True,424.88885005310703
A11,9,A32,A40,1422,A61,A72,3,A93,A101,2,A124,27,A143,A153,1,A174,1,A192,A201,1,male,1422.0,127.97999999999999,853.1999999999999,,False,
A14,30,A34,A43,6742,A65,A74,2,A93,A101,3,A122,36,A143,A152,2,A173,1,A191,A201,0,male,6742.0,2022.6,4045.2,,False,
A14,24,A32,A41,7814,A61,A74,3,A93,A101,3,A123,38,A143,A152,1,A174,1,A192,A201,0,male,7814.0,1875.36,4688.4,,False,
A14,24,A32,A41,9277,A65,A73,2,A91,A101,4,A124,48,A143,A153,1,A173,1,A192,A201,0,male,9277.0,2226.48,5566.2,,False,
A12,30,A34,A40,2181,A65,A75,4,A93,A101,4,A121,36,A143,A152,2,A173,1,A191,A201,0,male,2181.0,654.3,1308.6,,False,
A14,18,A34,A43,1098,A61,A71,4,A92,A101,4,A123,65,A143,A152,2,A171,1,A191,A201,0,female,1098.0,197.64,658.8,0.09380140714510388,True,117.30472286464723
A12,24,A32,A42,4057,A61,A74,3,A91,A101,3,A123,43,A143,A152,1,A173,1,A192,A201,1,male,4057.0,973.68,2434.2,,False,
A11,12,A32,A46,795,A61,A72,4,A92,A101,4,A122,53,A143,A152,1,A173,1,A191,A201,1,female,795.0,95.39999999999999,477.0,0.6221711601148943,True,-260.7307720497655
A12,24,A34,A49,2825,A65,A74,4,A93,A101,3,A124,34,A143,A152,2,A173,2,A192,A201,0,male,2825.0,678.0,1695.0,,False,
A12,48,A32,A49,15672,A61,A73,2,A93,A101,2,A123,23,A143,A152,1,A173,1,A192,A201,1,male,15672.0,7522.5599999999995,9403.199999999999,0.5689224447078903,True,-2106.884757739022
A14,36,A34,A40,6614,A61,A75,4,A93,A101,4,A123,34,A143,A152,2,A174,1,A192,A201,0,male,6614.0,2381.04,3968.3999999999996,,False,
A14,28,A31,A41,7824,A65,A72,3,A93,A103,4,A121,40,A141,A151,2,A173,2,A192,A201,0,male,7824.0,2190.7200000000003,4694.4,0.3233693647424252,True,-35.716880575366304
A11,27,A34,A49,2442,A61,A75,4,A93,A101,4,A123,43,A142,A152,4,A174,2,A192,A201,0,male,2442.0,659.3399999999999,1465.2,0.3777532634214742,True,-143.21191826945886
A14,15,A34,A43,1829,A61,A75,4,A93,A101,4,A123,46,A143,A152,2,A173,1,A192,A201,0,male,1829.0,274.34999999999997,1097.3999999999999,0.050492144642010225,True,205.08740058732246
A11,12,A34,A40,2171,A61,A73,4,A93,A101,4,A122,38,A141,A152,2,A172,1,A191,A202,0,male,2171.0,260.52,1302.6,,False,
A12,36,A34,A41,5800,A61,A73,3,A93,A101,4,A123,34,A143,A152,2,A173,1,A192,A201,0,male,5800.0,2088.0,3480.0,,False,
A14,18,A34,A43,1169,A65,A73,4,A93,A101,3,A122,29,A143,A152,2,A173,1,A192,A201,0,male,1169.0,210.42000000000002,701.4,,False,
A14,36,A33,A41,8947,A65,A74,3,A93,A101,2,A123,31,A142,A152,1,A174,2,A192,A201,0,male,8947.0,3220.9199999999996,5368.2,,False,
A11,21,A32,A43,2606,A61,A72,4,A92,A101,4,A122,28,A143,A151,1,A174,1,A192,A201,0,female,2606.0,547.26,1563.6,0.5882433450576647,True,-694.4393473484221
A14,12,A34,A42,1592,A64,A74,3,A92,A101,2,A122,35,A143,A152,1,A173,1,A191,A202,0,female,1592.0,191.04,955.1999999999999,,False,
A14,15,A32,A42,2186,A65,A74,1,A92,A101,4,A121,33,A141,A151,1,A172,1,A191,A201,0,female,2186.0,327.9,1311.6,,False,
A11,18,A32,A42,4153,A61,A73,2,A93,A102,3,A123,42,A143,A152,1,A173,1,A191,A201,1,male,4153.0,747.54,2491.7999999999997,,False,
A11,16,A34,A40,2625,A61,A75,2,A93,A103,4,A122,43,A141,A151,1,A173,1,A192,A201,1,male,2625.0,420.0,1575.0,0.2928922423081086,True,-164.3200234046767
A14,20,A34,A40,3485,A65,A72,2,A91,A101,4,A121,44,A143,A152,2,A173,1,A192,A201,0,male,3485.0,697.0,2091.0,,False,
A14,36,A34,A41,10477,A65,A75,2,A93,A101,4,A124,42,A143,A153,2,A173,1,A191,A201,0,male,10477.0,3771.7200000000003,6286.2,,False,
A14,15,A32,A43,1386,A65,A73,4,A94,A101,2,A121,40,A143,A151,1,A173,1,A192,A201,0,male,1386.0,207.89999999999998,831.6,,False,
A14,24,A32,A43,1278,A61,A75,4,A93,A101,1,A121,36,A143,A152,1,A174,1,A192,A201,0,male,1278.0,306.71999999999997,766.8,0.09306999559883564,True,206.80749832473794
A11,12,A32,A43,1107,A61,A73,2,A93,A101,2,A121,20,A143,A151,1,A174,2,A192,A201,0,male,1107.0,132.84,664.1999999999999,,False,
A11,21,A32,A40,3763,A65,A74,2,A93,A102,2,A121,24,A143,A152,1,A172,1,A191,A202,0,male,3763.0,790.23,2257.7999999999997,,False,
A12,36,A32,A46,3711,A65,A73,2,A94,A101,2,A123,27,A143,A152,1,A173,1,A191,A201,0,male,3711.0,1335.96,2226.6,0.24826605831846868,True,451.4972712769562
A14,15,A33,A41,3594,A61,A72,1,A92,A101,2,A122,46,A143,A152,2,A172,1,A191,A201,0,female,3594.0,539.0999999999999,2156.4,,False,
A12,9,A32,A40,3195,A65,A73,1,A92,A101,2,A121,33,A143,A152,1,A172,1,A191,A201,0,female,3195.0,287.54999999999995,1917.0,,False,
A14,36,A33,A43,4454,A61,A73,4,A92,A101,4,A121,34,A143,A152,2,A173,1,A191,A201,0,female,4454.0,1603.44,2672.4,,False,
A12,24,A34,A42,4736,A61,A72,2,A92,A101,4,A123,25,A141,A152,1,A172,1,A191,A201,1,female,4736.0,1136.6399999999999,2841.6,,False,
A12,30,A32,A43,2991,A65,A75,2,A92,A101,4,A123,25,A143,A152,1,A173,1,A191,A201,0,female,2991.0,897.3,1794.6,,False,
A14,11,A32,A49,2142,A64,A75,1,A91,A101,2,A121,28,A143,A152,1,A173,1,A192,A201,0,male,2142.0,235.61999999999995,1285.2,,False,
A11,24,A31,A49,3161,A61,A73,4,A93,A101,2,A122,31,A143,A151,1,A173,1,A192,A201,1,male,3161.0,758.64,1896.6,,False,
A12,48,A30,A410,18424,A61,A73,1,A92,A101,2,A122,32,A141,A152,1,A174,1,A192,A202,1,female,18424.0,8843.52,11054.4,0.5289034756435392,True,-1680.5590460770918
A14,10,A32,A41,2848,A62,A73,1,A93,A102,2,A121,32,A143,A152,1,A173,2,A191,A201,0,male,2848.0,284.8,1708.8,,False,
A11,6,A32,A40,14896,A61,A75,1,A93,A101,4,A124,68,A141,A152,1,A174,1,A192,A201,1,male,14896.0,893.76,8937.6,0.3541948435111228,True,-2588.457016701512
A11,24,A32,A42,2359,A62,A71,1,A91,A101,1,A122,33,A143,A152,1,A173,1,A191,A201,1,male,2359.0,566.16,1415.3999999999999,,False,
A11,24,A32,A42,3345,A61,A75,4,A93,A101,2,A122,39,A143,A151,1,A174,1,A192,A201,1,male,3345.0,802.8,2007.0,,False,
A14,18,A34,A42,1817,A61,A73,4,A92,A101,2,A124,28,A143,A152,2,A173,1,A191,A201,0,female,1817.0,327.06,1090.2,,False,
A14,48,A33,A43,12749,A63,A74,4,A93,A101,1,A123,37,A143,A152,1,A174,1,A192,A201,0,male,12749.0,6119.5199999999995,7649.4,0.1705281998513517,True,3771.530858502726
A11,9,A32,A43,1366,A61,A72,3,A92,A101,4,A122,22,A143,A151,1,A173,1,A191,A201,1,female,1366.0,122.94,819.6,,False,
A12,12,A32,A40,2002,A61,A74,3,A93,A101,4,A122,30,A143,A151,1,A173,2,A192,A201,0,male,2002.0,240.23999999999998,1201.2,,False,
A11,24,A31,A42,6872,A61,A72,2,A91,A101,1,A122,55,A141,A152,1,A173,1,A192,A201,1,male,6872.0,1649.28,4123.2,,False,
A11,12,A31,A40,697,A61,A72,4,A93,A101,2,A123,46,A141,A152,2,A173,1,A192,A201,1,male,697.0,83.64,418.2,,False,
A11,18,A34,A42,1049,A61,A72,4,A92,A101,4,A122,21,A143,A151,1,A173,1,A191,A201,0,female,1049.0,188.82,629.4,0.5390984360013911,True,-252.2811223050582
A11,48,A32,A41,10297,A61,A74,4,A93,A101,4,A124,39,A142,A153,3,A173,2,A192,A201,1,male,10297.0,4942.5599999999995,6178.2,,False,
A14,30,A32,A43,1867,A65,A75,4,A93,A101,4,A123,58,A143,A152,1,A173,1,A192,A201,0,male,1867.0,560.1,1120.2,,False,
A11,12,A33,A40,1344,A61,A73,4,A93,A101,2,A121,43,A143,A152,2,A172,2,A191,A201,0,male,1344.0,161.28,806.4,,False,
A11,24,A32,A42,1747,A61,A72,4,A93,A102,1,A122,24,A143,A152,1,A172,1,A191,A202,0,male,1747.0,419.28,1048.2,,False,
A12,9,A32,A43,1670,A61,A72,4,A92,A101,2,A123,22,A143,A152,1,A173,1,A192,A201,1,female,1670.0,150.3,1002.0,0.23128286880218013,True,-116.20724972075217
A14,9,A34,A40,1224,A61,A73,3,A93,A101,1,A121,30,A143,A152,2,A173,1,A191,A201,0,male,1224.0,110.16,734.4,,False,
A14,12,A34,A43,522,A63,A75,4,A93,A101,4,A122,42,A143,A152,2,A173,2,A192,A201,0,male,522.0,62.64,313.2,0.08320317784243994,True,31.368917639697376
A11,12,A32,A43,1498,A61,A73,4,A92,A101,1,A123,23,A141,A152,1,A173,1,A191,A201,0,female,1498.0,179.76,898.8,,False,
A12,30,A33,A43,1919,A62,A72,4,A93,A101,3,A124,30,A142,A152,2,A174,1,A191,A201,1,male,1919.0,575.7,1151.3999999999999,,False,
A13,9,A32,A43,745,A61,A73,3,A92,A101,2,A121,28,A143,A152,1,A172,1,A191,A201,1,female,745.0,67.05,447.0,0.26061482994650137,True,-66.91905333399903
A12,6,A32,A43,2063,A61,A72,4,A94,A101,3,A123,30,A143,A151,1,A174,1,A192,A201,0,male,2063.0,123.78,1237.8,,False,
A12,60,A32,A46,6288,A61,A73,4,A93,A101,4,A124,42,A143,A153,1,A173,1,A191,A201,1,male,6288.0,3772.7999999999997,3772.7999999999997,0.6207083265830655,True,-910.816749065179
A14,24,A34,A41,6842,A65,A73,2,A93,A101,4,A122,46,A143,A152,2,A174,2,A192,A201,0,male,6842.0,1642.08,4105.2,,False,
A14,12,A32,A40,3527,A65,A72,2,A93,A101,3,A122,45,A143,A152,1,A174,2,A192,A201,0,male,3527.0,423.24,2116.2,0.11028726055970854,True,143.17211904425375
A14,10,A32,A40,1546,A61,A73,3,A93,A101,2,A121,31,A143,A152,1,A172,2,A191,A202,0,male,1546.0,154.6,927.5999999999999,0.13787772408502244,True,5.388726995188719
A14,24,A32,A42,929,A65,A74,4,A93,A101,2,A123,31,A142,A152,1,A173,1,A192,A201,0,male,929.0,222.95999999999998,557.4,,False,
A14,4,A34,A40,1455,A61,A74,2,A93,A101,1,A121,42,A143,A152,3,A172,2,A191,A201,0,male,1455.0,58.199999999999996,873.0,,False,
A11,15,A32,A42,1845,A61,A72,4,A92,A103,1,A122,46,A143,A151,1,A173,1,A191,A201,0,female,1845.0,276.75,1107.0,0.3994939212357594,True,-276.049713509982
A12,48,A30,A40,8358,A63,A72,1,A92,A101,1,A123,30,A143,A152,2,A173,1,A191,A201,0,female,8358.0,4011.8399999999997,5014.8,,False,
A11,24,A31,A42,3349,A63,A72,4,A93,A101,4,A124,30,A143,A153,1,A173,2,A192,A201,1,male,3349.0,803.76,2009.3999999999999,,False,
A14,12,A32,A40,2859,A65,A71,4,A93,A101,4,A124,38,A143,A152,1,A174,1,A192,A201,0,male,2859.0,343.08,1715.3999999999999,0.0961121277355547,True,145.23510729891538
A14,18,A32,A42,1533,A61,A72,4,A94,A102,1,A122,43,A143,A152,1,A172,2,A191,A201,1,male,1533.0,275.93999999999994,919.8,0.15419431544216433,True,91.56368925318637
A14,24,A32,A43,3621,A62,A75,2,A93,A101,4,A123,31,A143,A152,2,A173,1,A191,A201,1,male,3621.0,869.04,2172.6,,False,
A12,18,A34,A49,3590,A61,A71,3,A94,A101,3,A123,40,A143,A152,3,A171,2,A192,A201,0,male,3590.0,646.2,2154.0,0.30897561303297694,True,-218.993511614942
A11,36,A33,A49,2145,A61,A74,2,A93,A101,1,A123,24,A143,A152,2,A173,1,A192,A201,1,male,2145.0,772.1999999999999,1287.0,,False,
A12,24,A32,A41,4113,A63,A72,3,A92,A101,4,A123,28,A143,A151,1,A173,1,A191,A201,1,female,4113.0,987.12,2467.7999999999997,,False,
A14,36,A32,A42,10974,A61,A71,4,A92,A101,2,A123,26,A143,A152,2,A174,1,A192,A201,1,female,10974.0,3950.6399999999994,6584.4,0.44892928087137474,True,-778.8479311511678
A11,12,A32,A40,1893,A61,A73,4,A92,A103,4,A122,29,A143,A152,1,A173,1,A192,A201,0,female,1893.0,227.16,1135.8,,False,
A11,24,A34,A43,1231,A64,A75,4,A92,A101,4,A122,57,A143,A151,2,A174,1,A192,A201,0,female,1231.0,295.44,738.6,,False,
A13,30,A34,A43,3656,A65,A75,4,A93,A101,4,A122,49,A142,A152,2,A172,1,A191,A201,0,male,3656.0,1096.8,2193.6,,False,
A12,9,A34,A43,1154,A61,A75,2,A93,A101,4,A121,37,A143,A152,3,A172,1,A191,A201,0,male,1154.0,103.85999999999999,692.4,,False,
A11,28,A32,A40,4006,A61,A73,3,A93,A101,2,A123,45,A143,A152,1,A172,1,A191,A201,1,male,4006.0,1121.68,2403.6,,False,
A12,24,A32,A42,3069,A62,A75,4,A93,A101,4,A124,30,A143,A153,1,A173,1,A191,A201,0,male,3069.0,736.56,1841.3999999999999,,False,
A14,6,A34,A43,1740,A61,A75,2,A94,A101,2,A121,30,A143,A151,2,A173,1,A191,A201,0,male,1740.0,104.39999999999999,1044.0,,False,
A12,21,A33,A40,2353,A61,A73,1,A91,A101,4,A122,47,A143,A152,2,A173,1,A191,A201,0,male,2353.0,494.13,1411.8,,False,
A14,15,A32,A40,3556,A65,A73,3,A93,A101,2,A124,29,A143,A152,1,A173,1,A191,A201,0,male,3556.0,533.4,2133.6,,False,
A14,24,A32,A43,2397,A63,A75,3,A93,A101,2,A123,35,A141,A152,2,A173,1,A192,A201,1,male,2397.0,575.28,1438.2,,False,
A12,6,A32,A45,454,A61,A72,3,A94,A101,1,A122,22,A143,A152,1,A172,1,A191,A201,0,male,454.0,27.24,272.4,,False,
A12,30,A32,A43,1715,A65,A73,4,A92,A101,1,A123,26,A143,A152,1,A173,1,A191,A201,0,female,1715.0,514.5,1029.0,,False,
A12,27,A34,A43,2520,A63,A73,4,A93,A101,2,A122,23,A143,A152,2,A172,1,A191,A201,1,male,2520.0,680.4,1512.0,0.2645509364028694,True,100.3985270303491
A14,15,A32,A43,3568,A61,A75,4,A92,A101,2,A123,54,A141,A151,1,A174,1,A192,A201,0,female,3568.0,535.1999999999999,2140.7999999999997,,False,
A14,42,A32,A43,7166,A65,A74,2,A94,A101,4,A122,29,A143,A151,1,A173,1,A192,A201,0,male,7166.0,3009.72,4299.599999999999,,False,
A11,11,A34,A40,3939,A61,A73,1,A93,A101,2,A121,40,A143,A152,2,A172,2,A191,A201,0,male,3939.0,433.28999999999996,2363.4,0.1473966378724925,True,21.067296828378915
A12,15,A32,A45,1514,A62,A73,4,A93,A103,2,A121,22,A143,A152,1,A173,1,A191,A201,0,male,1514.0,227.10000000000002,908.4,,False,
A14,24,A32,A40,7393,A61,A73,1,A93,A101,4,A122,43,A143,A152,1,A172,2,A191,A201,0,male,7393.0,1774.32,4435.8,,False,
A11,24,A31,A40,1193,A61,A71,1,A92,A102,4,A124,29,A143,A151,2,A171,1,A191,A201,1,female,1193.0,286.32,715.8,,False,
A11,60,A32,A49,7297,A61,A75,4,A93,A102,4,A124,36,A143,A151,1,A173,1,A191,A201,1,male,7297.0,4378.2,4378.2,,False,
A14,30,A34,A43,2831,A61,A73,4,A92,A101,2,A123,33,A143,A152,1,A173,1,A192,A201,0,female,2831.0,849.3,1698.6,0.09184177060440893,True,615.2963526770266
A13,24,A32,A43,1258,A63,A73,3,A92,A101,3,A123,57,A143,A152,1,A172,1,A191,A201,0,female,1258.0,301.92,754.8,,False,
A12,6,A32,A43,753,A61,A73,2,A92,A103,3,A121,64,A143,A152,1,A173,1,A191,A201,0,female,753.0,45.18,451.8,,False,
A12,18,A33,A49,2427,A65,A75,4,A93,A101,2,A122,42,A143,A152,2,A173,1,A191,A201,0,male,2427.0,436.86,1456.2,0.2132935554629008,True,33.08250189540104
A14,24,A33,A40,2538,A61,A75,4,A93,A101,4,A123,47,A143,A152,2,A172,2,A191,A201,1,male,2538.0,609.12,1522.8,,False,
A12,15,A31,A40,1264,A62,A73,2,A94,A101,2,A122,25,A143,A151,1,A173,1,A191,A201,1,male,1264.0,189.60000000000002,758.4,,False,
A12,30,A34,A42,8386,A61,A74,2,A93,A101,2,A122,49,A143,A152,1,A173,1,A191,A201,1,male,8386.0,2515.7999999999997,5031.599999999999,,False,
A14,48,A32,A49,4844,A61,A71,3,A93,A101,2,A123,33,A141,A151,1,A174,1,A192,A201,1,male,4844.0,2325.12,2906.4,,False,
A13,21,A32,A40,2923,A62,A73,1,A92,A101,1,A123,28,A141,A152,1,A174,1,A192,A201,0,female,2923.0,613.8299999999999,1753.8,,False,
A11,36,A32,A41,8229,A61,A73,2,A93,A101,2,A122,26,A143,A152,1,A173,2,A191,A201,1,male,8229.0,2962.44,4937.4,,False,
A14,24,A34,A42,2028,A61,A74,2,A93,A101,2,A122,30,A143,A152,2,A172,1,A191,A201,0,male,2028.0,486.71999999999997,1216.8,,False,
A11,15,A34,A42,1433,A61,A73,4,A92,A101,3,A122,25,A143,A151,2,A173,1,A191,A201,0,female,1433.0,214.95,859.8,,False,
A13,42,A30,A49,6289,A61,A72,2,A91,A101,1,A122,33,A143,A152,2,A173,1,A191,A201,0,male,6289.0,2641.3799999999997,3773.3999999999996,,False,
A14,13,A32,A43,1409,A62,A71,2,A92,A101,4,A121,64,A143,A152,1,A173,1,A191,A201,0,female,1409.0,183.16999999999996,845.4,,False,
A11,24,A32,A41,6579,A61,A71,4,A93,A101,2,A124,29,A143,A153,1,A174,1,A192,A201,0,male,6579.0,1578.96,3947.3999999999996,0.6757033960252975,True,-2155.220219658363
A12,24,A34,A43,1743,A61,A75,4,A93,A101,2,A122,48,A143,A152,2,A172,1,A191,A201,0,male,1743.0,418.32,1045.8,,False,
A14,12,A34,A46,3565,A65,A72,2,A93,A101,1,A122,37,A143,A152,2,A172,2,A191,A201,0,male,3565.0,427.8,2139.0,,False,
A14,15,A31,A43,1569,A62,A75,4,A93,A101,4,A123,34,A141,A152,1,A172,2,A191,A201,0,male,1569.0,235.35,941.4,,False,
A11,18,A32,A43,1936,A65,A74,2,A94,A101,4,A123,23,A143,A151,2,A172,1,A191,A201,0,male,1936.0,348.48,1161.6,0.26413452398244536,True,-50.38426197541105
A11,36,A32,A42,3959,A61,A71,4,A93,A101,3,A122,30,A143,A152,1,A174,1,A192,A201,0,male,3959.0,1425.24,2375.4,0.6691459186314946,True,-1117.9427441876037
A14,12,A32,A40,2390,A65,A75,4,A93,A101,3,A123,50,A143,A152,1,A173,1,A192,A201,0,male,2390.0,286.8,1434.0,,False,
A14,12,A32,A42,1736,A61,A74,3,A92,A101,4,A121,31,A143,A152,1,A172,1,A191,A201,0,female,1736.0,208.32,1041.6,,False,
A11,30,A32,A41,3857,A61,A73,4,A91,A101,4,A122,40,A143,A152,1,A174,1,A192,A201,0,male,3857.0,1157.1,2314.2,0.5210591086442852,True,-651.6524838369071
A14,12,A32,A43,804,A61,A75,4,A93,A101,4,A123,38,A143,A152,1,A173,1,A191,A201,0,male,804.0,96.47999999999999,482.4,,False,
A11,45,A32,A43,1845,A61,A73,4,A93,A101,4,A124,23,A143,A153,1,A173,1,A192,A201,1,male,1845.0,830.25,1107.0,0.6757416581995386,True,-478.83052734705615
A12,45,A34,A41,4576,A62,A71,3,A93,A101,4,A123,27,A143,A152,1,A173,1,A191,A201,0,male,4576.0,2059.2,2745.6,,False,
